backend,device,dtype,n_particles,softening,seed,n_repeats,available,unavailable_reason,warmup_time_s,median_time_s,iqr_time_s,q25_time_s,q75_time_s,min_time_s,max_time_s,samples_time_s,max_abs_diff_vs_torch_eager_fp64,disk_cache_state,hostname,os_platform,cpu_model,cpu_logical_count,torch_num_threads,cuda_available,gpu_name,torch_gpu_runtime_version,python_version,torch_version,triton_version,timestamp_utc
python_pure,cpu,float32,512,0.05,20190222,15,True,,0.03328789599981974,0.032988151999234105,0.0001344519996564486,0.03291371550039912,0.03304816750005557,0.03252574900034233,0.03395427100076631,0.03253682000104163;0.03291703700051585;0.03303050399881613;0.03301404199919489;0.03304163499888091;0.033137206999526825;0.032988151999234105;0.033338432000164175;0.03305470000123023;0.03292145600062213;0.03252574900034233;0.03295156300009694;0.03287124000053154;0.032910394000282395;0.03395427100076631,5.001890839961831e-06,cleared_before_run,fedora,Linux-7.1.5-201.fc44.x86_64-x86_64-with-glibc2.43,AMD Ryzen 5 9600X 6-Core Processor,12,6,True,AMD Radeon Graphics,hip 6.4.43484-123eb5128,3.12.13,2.9.1+rocm6.4,3.5.1,2026-08-03T16:30:08.752046+00:00
python_pure,cpu,float64,512,0.05,20190222,15,True,,0.03295907699975942,0.03385550100028922,0.00029150199861760484,0.03364294950097246,0.03393445149959007,0.033292764999714564,0.034079199000188964,0.03369328100052371;0.03391475399985211;0.03385550100028922;0.0335135370005446;0.033292764999714564;0.03340036000008695;0.0338171080002212;0.03380971300066449;0.03395414899932803;0.03386016999866115;0.03404918200067186;0.034079199000188964;0.0340196549987013;0.03390177999972366;0.033592618001421215,2.6645352591003757e-15,cleared_before_run,fedora,Linux-7.1.5-201.fc44.x86_64-x86_64-with-glibc2.43,AMD Ryzen 5 9600X 6-Core Processor,12,6,True,AMD Radeon Graphics,hip 6.4.43484-123eb5128,3.12.13,2.9.1+rocm6.4,3.5.1,2026-08-03T16:30:08.752046+00:00
torch_eager,cpu,float32,512,0.05,20190222,50,True,,0.000804176999736228,0.0004964540003129514,3.871649914799491e-05,0.0004637415004253853,0.0005024579995733802,0.0004357430007075891,0.0007352459997491678,0.00047090000043681357;0.00045020099969406147;0.00044672399963019416;0.0004543590002867859;0.0004404219998832559;0.0004997649994038511;0.0004377370005386183;0.0004357430007075891;0.0004486979996727314;0.00045873700037191156;0.0004630250004993286;0.00046293499872263055;0.00046589100020355545;0.0004600690008373931;0.0004595379996317206;0.0004668120000133058;0.0004999659995519323;0.00046001900045666844;0.00046835499961161986;0.00046791500062681735;0.000470349999886821;0.0005030519987485604;0.0004779129994858522;0.0004839749999518972;0.00048460600010002963;0.0004948859987052856;0.0004957880009897053;0.0004971199996361975;0.000503502000356093;0.0005246130003797589;0.0005005170005460968;0.0005203949986025691;0.0005030619995523011;0.000507910999658634;0.0005009779997635633;0.000502590999531094;0.000500035999721149;0.0004990339984942693;0.0005248830002528848;0.0007352459997491678;0.0006593499983864604;0.0005073300017102156;0.0005003860005672323;0.0004936839995934861;0.0005006570008845301;0.0004978220003977185;0.0005020589997002389;0.0005880339995201211;0.000513781998961349;0.0005014079997636145,5.003688451576949e-06,cleared_before_run,fedora,Linux-7.1.5-201.fc44.x86_64-x86_64-with-glibc2.43,AMD Ryzen 5 9600X 6-Core Processor,12,6,True,AMD Radeon Graphics,hip 6.4.43484-123eb5128,3.12.13,2.9.1+rocm6.4,3.5.1,2026-08-03T16:30:08.752046+00:00
torch_eager,cpu,float64,512,0.05,20190222,50,True,,0.0012649790005525574,0.0009225435005646432,4.426674877322512e-05,0.0009055462501237344,0.0009498129988969595,0.0008824869983072858,0.0012695969999185763,0.0009988589990825858;0.0009809549992496613;0.00101584199910576;0.0009884589999273885;0.0009559480004099896;0.0012695969999185763;0.0009710260001156712;0.00092897600006836;0.0009283439994760556;0.0009292659997299779;0.0009599250006431248;0.0009505869984423043;0.0009474910002609249;0.0009507770009804517;0.0009530219995212974;0.0009763070011103991;0.0009428529992874246;0.0009595840001566103;0.0009077349986910122;0.00091012000120827;0.0009049899999808986;0.0009122640003624838;0.0008875469993654406;0.0009467100007896079;0.0009145780004473636;0.0009148490007646615;0.0009230140003637644;0.0009400069993716897;0.0009457380001549609;0.0009469710003031651;0.0009368609989905963;0.0009161219986708602;0.0009103800002776552;0.000901273000636138;0.0009130060007009888;0.0008970249982667156;0.000898647998837987;0.000889090000782744;0.0008982370000012452;0.0009079960000235587;0.0009039380001922837;0.0009084760004043346;0.0008939090002968442;0.0008824869983072858;0.0008949610000854591;0.0008869960001902655;0.0008847019998938777;0.0009072150005522417;0.000922073000765522;0.0009445859996048966,0.0,cleared_before_run,fedora,Linux-7.1.5-201.fc44.x86_64-x86_64-with-glibc2.43,AMD Ryzen 5 9600X 6-Core Processor,12,6,True,AMD Radeon Graphics,hip 6.4.43484-123eb5128,3.12.13,2.9.1+rocm6.4,3.5.1,2026-08-03T16:30:08.752046+00:00
torch_compiled,cpu,float32,512,0.05,20190222,50,True,,7.7248360449993925,0.0006770695008526673,9.612999747332651e-06,0.0006719272510053997,0.0006815402507527324,0.0005664630007231608,0.0007346349993895274,0.0007346349993895274;0.000701912000295124;0.000681262001307914;0.0006771650005248375;0.0006799000002501998;0.0006755909998901188;0.0006840080004621996;0.0006754209989594528;0.0006740690005244687;0.0006777449998480733;0.0006762930006516399;0.0006780259991501225;0.0006818330002715811;0.0006796100005885819;0.0006797900005039992;0.0006773650002287468;0.00068824499976472;0.0006861809997644741;0.000680541001202073;0.0006840980004199082;0.000680389999615727;0.000676974001180497;0.0006816330005676718;0.0006819130012445385;0.0006769640003767563;0.0006863629987492459;0.0006805310003983323;0.0006717950000165729;0.0006725849998474587;0.0006726760002493393;0.0006724859995301813;0.0006687479999527568;0.000670741999783786;0.000669790999381803;0.0006703609997202875;0.0006717139985994436;0.0006682169987470843;0.0006773850000172388;0.0006721449990436668;0.0006720840010530083;0.000674229000651394;0.0006715140007145237;0.00066896899988933;0.0006718750009895302;0.000682084000800387;0.0007006189989624545;0.0007108489990059752;0.0006549019999511074;0.0005664630007231608;0.0005697590004274389,5.003688451576949e-06,cleared_before_run,fedora,Linux-7.1.5-201.fc44.x86_64-x86_64-with-glibc2.43,AMD Ryzen 5 9600X 6-Core Processor,12,6,True,AMD Radeon Graphics,hip 6.4.43484-123eb5128,3.12.13,2.9.1+rocm6.4,3.5.1,2026-08-03T16:30:08.752046+00:00
torch_compiled,cpu,float64,512,0.05,20190222,50,True,,0.3977665540005546,0.0003685650008264929,1.411674975315691e-05,0.00036083000122744124,0.00037494675098059815,0.0003513020001264522,0.0004167669994785683,0.0004167669994785683;0.00036478699985309504;0.0003621220002969494;0.00037193100069998764;0.0003620930001488887;0.00036075899879506323;0.000353576000634348;0.0003519829988363199;0.0003638460002548527;0.0003531239999574609;0.00035136199949192815;0.0003633050000644289;0.0003528750003169989;0.0003521529997669859;0.00036094999995839316;0.0003513020001264522;0.00035661199945025146;0.00035587000093073584;0.0003557600011845352;0.00036235200059309136;0.00036079000165045727;0.00036042900137545075;0.00036625999928219244;0.00036863500099570956;0.0003633150008681696;0.0003679830006149132;0.0003667410001071403;0.0003699869994306937;0.0003688749984576134;0.00036849500065727625;0.00038046699955884833;0.0003699869994306937;0.000370106999980635;0.0003759379997063661;0.0003706480001710588;0.0003833030004898319;0.0003737050010386156;0.0003940740007237764;0.000391708999814;0.0003749670013348805;0.0003741349992196774;0.0003867289997288026;0.000380477000362589;0.0003798159996222239;0.0003747869996004738;0.0003845250012091128;0.0003765799992834218;0.0003748859999177512;0.00037825300023541786;0.0003737639999599196,2.6645352591003757e-15,cleared_before_run,fedora,Linux-7.1.5-201.fc44.x86_64-x86_64-with-glibc2.43,AMD Ryzen 5 9600X 6-Core Processor,12,6,True,AMD Radeon Graphics,hip 6.4.43484-123eb5128,3.12.13,2.9.1+rocm6.4,3.5.1,2026-08-03T16:30:08.752046+00:00
torch_eager,cuda,float32,512,0.05,20190222,50,True,,0.07946816699950432,0.00021046700021543074,1.1717000234057195e-05,0.00020603149960152223,0.00021774849983557942,0.00020235699957993347,0.0002725810008996632,0.0002725810008996632;0.00021011100034229457;0.00022777499907533638;0.0002312319993507117;0.00021082300008856691;0.0002086589993268717;0.0002114039998559747;0.0002206819990533404;0.00021599300089292228;0.0002177559999836376;0.00020609400053217541;0.00022097200053394772;0.00021366900000430178;0.00020242699974915013;0.0002228760004072683;0.00020475100063777063;0.00021010199998272583;0.000202848001208622;0.00020940099966537673;0.00022376699962478597;0.00020981099987693597;0.00020580299860739615;0.00020841799960180651;0.00022059199909563176;0.000214880999919842;0.00022188399998412933;0.00020591300017258618;0.00022037099915905856;0.00021331799871404655;0.00020608399972843472;0.00021131399989826605;0.00021121400095580611;0.00021973000002617482;0.0002085090000036871;0.00020246799977030605;0.00020308800048951525;0.00021834699873579666;0.0002177259993914049;0.0002099309986078879;0.00020601399955921806;0.00020235699957993347;0.00020688499898824375;0.0002159630003006896;0.00020367899924167432;0.00020427999879757408;0.00020414999926288147;0.00021334799930627923;0.00021735600057581905;0.00020832799964409787;0.00020372000108181965,4.944083806801558e-06,cleared_before_run,fedora,Linux-7.1.5-201.fc44.x86_64-x86_64-with-glibc2.43,AMD Ryzen 5 9600X 6-Core Processor,12,6,True,AMD Radeon Graphics,hip 6.4.43484-123eb5128,3.12.13,2.9.1+rocm6.4,3.5.1,2026-08-03T16:30:08.752046+00:00
torch_eager,cuda,float64,512,0.05,20190222,50,True,,0.0006111679995228769,0.00039674850086157676,1.4803000340180006e-05,0.0003902509997715242,0.0004050540001117042,0.00037964500006637536,0.00045562100058305077,0.00040852100028132554;0.0004288500003895024;0.0004280180000932887;0.00040867099960451014;0.0004033309996884782;0.00039758999992045574;0.00041489300019748043;0.0003985010007454548;0.00039415399987774435;0.0004034609992231708;0.00038089900044724345;0.0003881720003846567;0.00045562100058305077;0.0003938730005756952;0.0004321969990996877;0.00039161899985629134;0.0003802070004894631;0.0003845250012091128;0.00039557600030093454;0.0003807580014836276;0.0003901759992004372;0.00039191900032164995;0.000387379999665427;0.00039573600042785984;0.00039773000025888905;0.0004279280001355801;0.00040579599954071455;0.00041014399903360754;0.00039686900163360406;0.00039357199966616463;0.00039687900061835535;0.0004088219993718667;0.00037964500006637536;0.00039662800008954946;0.0003902459993696539;0.00038026699985493906;0.00039634799941268284;0.0003907869995600777;0.0003874710000673076;0.00041109599987976253;0.00039498500154877547;0.00040178800009016413;0.00039026600097713526;0.0003838840002572397;0.00040558500040788203;0.00039771999945514835;0.00040104700019583106;0.0003995239985670196;0.0003823410006589256;0.00040090699985739775,1.7763568394002505e-15,cleared_before_run,fedora,Linux-7.1.5-201.fc44.x86_64-x86_64-with-glibc2.43,AMD Ryzen 5 9600X 6-Core Processor,12,6,True,AMD Radeon Graphics,hip 6.4.43484-123eb5128,3.12.13,2.9.1+rocm6.4,3.5.1,2026-08-03T16:30:08.752046+00:00
torch_compiled,cuda,float32,512,0.05,20190222,50,True,,0.8973803170010797,5.7414500588492956e-05,1.6404997040808666e-06,5.688400005965377e-05,5.852449976373464e-05,5.5495998822152615e-05,0.00013962599950900767,0.00013962599950900767;7.127699973352719e-05;6.17380010226043e-05;6.101600047259126e-05;6.04859997110907e-05;5.977500040899031e-05;5.943399992247578e-05;5.960400085314177e-05;5.924299875914585e-05;5.75399990339065e-05;5.853199945704546e-05;5.7470000683679245e-05;5.791100011265371e-05;5.711999983759597e-05;5.725000119127799e-05;5.7790999562712386e-05;5.783000051451381e-05;5.850200068380218e-05;5.735900049330667e-05;5.6737999329925515e-05;5.720899935113266e-05;5.774099918198772e-05;5.8182000429951586e-05;7.541400009358767e-05;5.7108998589683324e-05;5.767999937233981e-05;5.724900074710604e-05;5.671899998560548e-05;5.689899990102276e-05;5.725899973185733e-05;5.689899990102276e-05;5.766100002801977e-05;5.6879000112530775e-05;5.6908998885774054e-05;6.20280006842222e-05;5.7670000387588516e-05;5.679800051439088e-05;5.685900032403879e-05;5.8691999583970755e-05;5.840099947818089e-05;5.661799877998419e-05;5.634800072584767e-05;5.708899880119134e-05;5.701899863197468e-05;5.618799877993297e-05;5.5915999837452546e-05;5.5836999308667146e-05;5.6687998949200846e-05;5.5495998822152615e-05;5.6168000810430385e-05,4.944083806801558e-06,cleared_before_run,fedora,Linux-7.1.5-201.fc44.x86_64-x86_64-with-glibc2.43,AMD Ryzen 5 9600X 6-Core Processor,12,6,True,AMD Radeon Graphics,hip 6.4.43484-123eb5128,3.12.13,2.9.1+rocm6.4,3.5.1,2026-08-03T16:30:08.752046+00:00
torch_compiled,cuda,float64,512,0.05,20190222,50,True,,0.7081316229996446,0.0002877154993257136,2.3342495296674315e-06,0.0002870190000976436,0.000289353249627311,0.0002669400000741007,0.0004077400008100085,0.0004077400008100085;0.0003086699998675613;0.0002931399994849926;0.0002746249992924277;0.0002901640000345651;0.0002899840001191478;0.0002896840014727786;0.00030123600117804017;0.0002983600006700726;0.00029706799978157505;0.00028937299975950737;0.00029057599931547884;0.00028929399923072197;0.00027126899840368424;0.00028804999965359457;0.0002897239992307732;0.00028738899891322944;0.00028702800045721233;0.0002879309995478252;0.0002885209996748017;0.0002879700004996266;0.00028818099963245913;0.00030507299925375264;0.0002887419996113749;0.00028802099950553384;0.00028830100018240046;0.0002878499999496853;0.0002870190000976436;0.00028732000100717414;0.0002669400000741007;0.00028721899980155285;0.00028267000016057864;0.00028734899933624547;0.0002872099994419841;0.00028705899967462756;0.0002870190000976436;0.0002874189995054621;0.0002869889995054109;0.0002874389992939541;0.0002710680000745924;0.00028628700056287926;0.00028653800109168515;0.00028783099878637586;0.0002865170008590212;0.00028759999986505136;0.00028799099891330115;0.0002871590004360769;0.00028690899853245355;0.0002860370004782453;0.0002864070011128206,1.7763568394002505e-15,cleared_before_run,fedora,Linux-7.1.5-201.fc44.x86_64-x86_64-with-glibc2.43,AMD Ryzen 5 9600X 6-Core Processor,12,6,True,AMD Radeon Graphics,hip 6.4.43484-123eb5128,3.12.13,2.9.1+rocm6.4,3.5.1,2026-08-03T16:30:08.752046+00:00
triton,cuda,float32,512,0.05,20190222,50,True,,28.400707672999488,0.002731849999690894,0.000186321250112087,0.0026574897506179695,0.0028438110007300565,0.0025335610007459763,0.003181558000505902,0.003181558000505902;0.0031173659990599845;0.002814617999320035;0.0028915349994349526;0.0030280449991550995;0.002984483000545879;0.003026862999831792;0.003038545999515918;0.0028855430009571137;0.0030113429984339746;0.0026585800005705096;0.002676112999324687;0.002858190999177168;0.0025808809987211134;0.002658057999724406;0.002805390000503394;0.002657437000380014;0.002816591999362572;0.0025550319987814873;0.0026594009996188106;0.002781864999633399;0.002685802000996773;0.002807815000778646;0.0028713860010611825;0.0025991259990405524;0.0026765139991766773;0.002627318999657291;0.0027060510001319926;0.0028506670005299384;0.0026005180006904993;0.002658118000908871;0.002770192999378196;0.002657648001331836;0.0027576489992497955;0.0025335610007459763;0.002607692000310635;0.0027726770003937418;0.002651925999089144;0.002807172999382601;0.002852449000783963;0.0026044760015793145;0.0026833759984583594;0.0026071510001202114;0.0026655629990273155;0.002819155999532086;0.0025517750000290107;0.0025961400006053736;0.002810439000313636;0.0026640099986252608;0.002823243001330411,5.003688451576949e-06,cleared_before_run,fedora,Linux-7.1.5-201.fc44.x86_64-x86_64-with-glibc2.43,AMD Ryzen 5 9600X 6-Core Processor,12,6,True,AMD Radeon Graphics,hip 6.4.43484-123eb5128,3.12.13,2.9.1+rocm6.4,3.5.1,2026-08-03T16:30:08.752046+00:00
triton,cuda,float64,512,0.05,20190222,50,True,,35.13771202499993,0.0033678949994282448,9.130975058724289e-05,0.003326753249439207,0.00341806300002645,0.0031945039991114754,0.00392975799877604,0.003809177000221098;0.00392975799877604;0.0035560139986046124;0.0035018599992326926;0.003390187999684713;0.0033063870014302665;0.0033554000001458917;0.003464029001406743;0.003607182001360343;0.0033547090006322833;0.003364227999554714;0.003400877998501528;0.0034183110001322348;0.0036420579999685287;0.003331043999423855;0.0033001350002450636;0.0033253229994443245;0.003417318999709096;0.0037332829997467343;0.0033373159985785605;0.003359659000125248;0.0033715619993017754;0.0033636259995546425;0.0031945039991114754;0.0032793760001368355;0.003385097999853315;0.003381029999218299;0.00339218099907157;0.0033959880001930287;0.0033085609993577236;0.0033207950000360142;0.003318199998830096;0.0033372660000168253;0.003402661001018714;0.003457816999798524;0.0033349309996992815;0.00336318600056984;0.00336087200048496;0.0035554229998524534;0.003220612999939476;0.0032758090001152596;0.003387011000086204;0.0034267669998371275;0.003398894001293229;0.003388604000065243;0.003280498000094667;0.0033242810004594503;0.0032989129995257827;0.0033584270004212158;0.0034274479985469952,2.6645352591003757e-15,cleared_before_run,fedora,Linux-7.1.5-201.fc44.x86_64-x86_64-with-glibc2.43,AMD Ryzen 5 9600X 6-Core Processor,12,6,True,AMD Radeon Graphics,hip 6.4.43484-123eb5128,3.12.13,2.9.1+rocm6.4,3.5.1,2026-08-03T16:30:08.752046+00:00
python_pure,cpu,float32,1024,0.05,20190222,15,True,,0.13608532100079174,0.13681945299867948,0.000832050000099116,0.13663639849983156,0.13746844849993067,0.13624159900064114,0.13787395800136437,0.13744200299879594;0.13651502200082177;0.13758149900058925;0.1373739629998454;0.13674316700053168;0.13681945299867948;0.13653248499940673;0.13674031200025638;0.13640868800030148;0.13624159900064114;0.13787395800136437;0.13674839700070152;0.1375083889997768;0.137093076000383;0.1374948940010654,2.2242968162444754e-05,cleared_before_run,fedora,Linux-7.1.5-201.fc44.x86_64-x86_64-with-glibc2.43,AMD Ryzen 5 9600X 6-Core Processor,12,6,True,AMD Radeon Graphics,hip 6.4.43484-123eb5128,3.12.13,2.9.1+rocm6.4,3.5.1,2026-08-03T16:30:08.752046+00:00
python_pure,cpu,float64,1024,0.05,20190222,15,True,,0.1364286459993309,0.13716796900007466,0.0007023570005912916,0.13696898400030477,0.13767134100089606,0.13414927100166096,0.14102535900019575,0.13709004999873287;0.13693385199985642;0.13669484499951068;0.13771965300111333;0.13708323699938774;0.1376230290006788;0.13720219500100939;0.13716796900007466;0.13700411600075313;0.13773600499916938;0.14102535900019575;0.13550658500025747;0.13414927100166096;0.1383134070001688;0.13737431399931666,9.769962616701378e-15,cleared_before_run,fedora,Linux-7.1.5-201.fc44.x86_64-x86_64-with-glibc2.43,AMD Ryzen 5 9600X 6-Core Processor,12,6,True,AMD Radeon Graphics,hip 6.4.43484-123eb5128,3.12.13,2.9.1+rocm6.4,3.5.1,2026-08-03T16:30:08.752046+00:00
torch_eager,cpu,float32,1024,0.05,20190222,50,True,,0.003894720999596757,0.002264240999465983,0.0001501450001342164,0.002210372500030644,0.0023605175001648604,0.0021272939993650652,0.0031843839988141553,0.002357294000830734;0.003000192000399693;0.002187779999076156;0.002320061999853351;0.002201887000410352;0.002298360999702709;0.0023615919999429025;0.0022407910000765696;0.0022236779986997135;0.002286068000103114;0.0022070670001994586;0.0022673720013699494;0.002264306000142824;0.002631928999107913;0.002978841001095134;0.002246973001092556;0.002157683000405086;0.002336143999855267;0.002210192000347888;0.003130060000330559;0.002172421000068425;0.003008128000146826;0.0023742459998175036;0.002231012000265764;0.002447857001243392;0.002362814999287366;0.0023293699996429496;0.0021434549998957664;0.0021272939993650652;0.0030917269996280083;0.0022109139990789117;0.0021512900002562674;0.0022773410000809235;0.002264175998789142;0.0022620220006501768;0.0022465820002253167;0.0023140909997891868;0.0031843839988141553;0.002620716999444994;0.0022268640004767803;0.0022094819996709703;0.002232005001133075;0.002204712000093423;0.002206256000135909;0.002232085000287043;0.002419202000965015;0.0021764979992440203;0.0023529849986516638;0.002241502999822842;0.0023039420011627953,2.3196642478851004e-05,cleared_before_run,fedora,Linux-7.1.5-201.fc44.x86_64-x86_64-with-glibc2.43,AMD Ryzen 5 9600X 6-Core Processor,12,6,True,AMD Radeon Graphics,hip 6.4.43484-123eb5128,3.12.13,2.9.1+rocm6.4,3.5.1,2026-08-03T16:30:08.752046+00:00
torch_eager,cpu,float64,1024,0.05,20190222,50,True,,0.011638566998954047,0.012885468499916897,0.0006313582484835933,0.012554323750919139,0.013185681999402732,0.012315179001234355,0.014172356999551994,0.013186182999561424;0.012315179001234355;0.012638677000722964;0.012443834999430692;0.012426512001184165;0.012357479999991483;0.012360725999315036;0.01237190699976054;0.012484513001254527;0.012503828998887911;0.01325725899914687;0.012633526999707101;0.013184178998926654;0.013300221000463353;0.012922329999128124;0.0125128269992274;0.01324279199980083;0.012951034001162043;0.01251724499888951;0.012607618000401999;0.013528838000638643;0.012835773999540834;0.012758957000187365;0.013665569000295363;0.013094187001115642;0.012930373999552103;0.013638377000461332;0.012881912000011653;0.012743166998916422;0.012705213999652187;0.014172356999551994;0.012788022000677302;0.012530480000350508;0.013059720999081037;0.012977554999451968;0.01343774300039513;0.013430871000309708;0.012590836000526906;0.01290403500024695;0.013256848000310129;0.012542153001049883;0.012777322001056746;0.012608860000909772;0.01288902499982214;0.012486235998949269;0.013168129000405315;0.01325082699986524;0.013103044000672526;0.013238933999673463;0.013057336000201758,0.0,cleared_before_run,fedora,Linux-7.1.5-201.fc44.x86_64-x86_64-with-glibc2.43,AMD Ryzen 5 9600X 6-Core Processor,12,6,True,AMD Radeon Graphics,hip 6.4.43484-123eb5128,3.12.13,2.9.1+rocm6.4,3.5.1,2026-08-03T16:30:08.752046+00:00
torch_compiled,cpu,float32,1024,0.05,20190222,50,True,,0.4331094459994347,0.0014892654999130173,6.161725013953401e-05,0.0014667147502223088,0.0015283320003618428,0.0014276670008257497,0.0020613679989764933,0.0015195240011962596;0.0014843860008113552;0.0014661410004919162;0.0014931129990145564;0.0014764100014872383;0.0014497400006803218;0.0018935570005851332;0.0014651690016762586;0.0014541380005539395;0.0015113880017452175;0.0014342200011014938;0.0014465040003415197;0.0014343599996209377;0.0014276670008257497;0.0014302829986263532;0.0014703189990541432;0.0014739660000486765;0.0015473259991267696;0.001667455999267986;0.0015359949993580813;0.0019433930010563927;0.0014958369993109955;0.001478734999182052;0.001464949000364868;0.0014748680005141068;0.0014715119996253634;0.0014913490012986585;0.0014903379997122101;0.0015256049991876353;0.001505496000390849;0.0015389599993795855;0.0015454329986823723;0.0014764709994778968;0.0014497390002361499;0.0014881930001138244;0.0014684359994134866;0.001540162998935557;0.0015171380000538193;0.001539281000077608;0.0015019489983387757;0.0015213160004350357;0.0014859989987598965;0.0015371369991044048;0.0014555709985870635;0.001484676000472973;0.0014656399998784764;0.0015292410007532453;0.0015133209999476094;0.002011182999922312;0.0020613679989764933,2.558082826986663e-05,cleared_before_run,fedora,Linux-7.1.5-201.fc44.x86_64-x86_64-with-glibc2.43,AMD Ryzen 5 9600X 6-Core Processor,12,6,True,AMD Radeon Graphics,hip 6.4.43484-123eb5128,3.12.13,2.9.1+rocm6.4,3.5.1,2026-08-03T16:30:08.752046+00:00
torch_compiled,cpu,float64,1024,0.05,20190222,50,True,,0.40150504400116915,0.0014608004994443036,2.6964000880980166e-05,0.001448850499400578,0.0014758145002815581,0.0013829819999955362,0.0020626009991246974,0.001411086001098738;0.0014465439999185037;0.0013829819999955362;0.0013992940002935939;0.0019124440004816279;0.0014587969999411143;0.0014574850010831142;0.0014765310006623622;0.0014698979994136607;0.0014653799989901017;0.0014612209997721948;0.0014573140015272656;0.0014643679987784708;0.001592552000147407;0.0017216199994436465;0.0014442599986068672;0.0014483769991784357;0.0016325489996233955;0.0017061090002243873;0.0014225079994503176;0.0014150130009511486;0.001425163000021712;0.001437836999684805;0.0014442989995586686;0.0014821720014879247;0.001450271000067005;0.0014506019997497788;0.001450952000595862;0.0014659299995400943;0.0014580459992430406;0.001473664999139146;0.0014723229996889131;0.001464266999391839;0.0014603799991164124;0.0014557009999407455;0.0014630349996878067;0.0014558710008714115;0.0019465790010144701;0.0015398019986605505;0.001427467999747023;0.00152684800013958;0.0014382680001290282;0.001775291999365436;0.0014617429987993091;0.0014583359989046585;0.0014629950001108227;0.001461501999074244;0.001452784999855794;0.001507500001025619;0.0020626009991246974,9.769962616701378e-15,cleared_before_run,fedora,Linux-7.1.5-201.fc44.x86_64-x86_64-with-glibc2.43,AMD Ryzen 5 9600X 6-Core Processor,12,6,True,AMD Radeon Graphics,hip 6.4.43484-123eb5128,3.12.13,2.9.1+rocm6.4,3.5.1,2026-08-03T16:30:08.752046+00:00
torch_eager,cuda,float32,1024,0.05,20190222,50,True,,0.0008898100004444132,0.0005034919995523524,8.324000646098284e-06,0.0005002652492294146,0.0005085892498755129,0.0004909879990009358,0.0005214159991737688,0.0005087019999336917;0.0005202439988352126;0.0005214159991737688;0.0005104050014779205;0.0005199530005484121;0.0005124290000821929;0.0005116879983688705;0.0005125299994688248;0.0005057260004832642;0.0005069090002507437;0.0005064279994257959;0.0005111159989610314;0.0005082509997009765;0.0004986330004612682;0.0005018889987695729;0.0004998750009690411;0.000504383999214042;0.0005033209999965038;0.000499234000017168;0.0005009969991078833;0.0005006859992136015;0.0005041940003138734;0.0005018189986003563;0.0005033910001657205;0.0005060160001448821;0.0005072000003565336;0.0005028609994042199;0.0005056669997429708;0.0005088119996798923;0.0005116280008223839;0.0005120989990246017;0.0005001249992346857;0.000503541999933077;0.0005034419991716277;0.0004982319987902883;0.0004995750005036825;0.0004966589985997416;0.000501848999192589;0.0005024700003559701;0.0005068489990662783;0.0005008669995731907;0.0005026599992561387;0.0004989330009266268;0.0005124689996591769;0.0004996839998057112;0.0004992029989807634;0.0005037030005041743;0.0004998040003556525;0.0004994740011170506;0.0004909879990009358,2.271980532064788e-05,cleared_before_run,fedora,Linux-7.1.5-201.fc44.x86_64-x86_64-with-glibc2.43,AMD Ryzen 5 9600X 6-Core Processor,12,6,True,AMD Radeon Graphics,hip 6.4.43484-123eb5128,3.12.13,2.9.1+rocm6.4,3.5.1,2026-08-03T16:30:08.752046+00:00
torch_eager,cuda,float64,1024,0.05,20190222,50,True,,0.0019674489994940814,0.0016288670003632433,2.097025117109297e-05,0.0016204312491936435,0.0016414015003647364,0.0016098659998533549,0.0017849409996415488,0.0017112189998442773;0.0017849409996415488;0.0017182530009449692;0.0017184839998662937;0.0016343920015060576;0.0016416670005128253;0.0016477879999001743;0.0016510040004504845;0.001634623000427382;0.001667647000431316;0.0016335210002580425;0.001669459999902756;0.0016443419990537222;0.0016406049999204697;0.0016294329998345347;0.0016279100000247126;0.0016461949999211356;0.0016098659998533549;0.0016186530010600109;0.0016226000007009134;0.0016374180013372097;0.0016340820002369583;0.0016165079996426357;0.0016177300003619166;0.0016283010008919518;0.0016232309990300564;0.0016203559989662608;0.0016203249997488456;0.0016163079999387264;0.001648719999138848;0.0016346729989891173;0.0016346930005965987;0.0016359849996661069;0.0016123699988384033;0.0016249039999820525;0.0016215080013353145;0.0016206569998757914;0.0016253360008704476;0.0016161980001925258;0.0016364869989047293;0.0016419469993707025;0.0016153960004885448;0.0016275789985229494;0.001621297999008675;0.0016351739996025572;0.001616989999092766;0.001613482001630473;0.0016160070008481853;0.0016213180006161565;0.0016210480007430306,2.6645352591003757e-15,cleared_before_run,fedora,Linux-7.1.5-201.fc44.x86_64-x86_64-with-glibc2.43,AMD Ryzen 5 9600X 6-Core Processor,12,6,True,AMD Radeon Graphics,hip 6.4.43484-123eb5128,3.12.13,2.9.1+rocm6.4,3.5.1,2026-08-03T16:30:08.752046+00:00
torch_compiled,cuda,float32,1024,0.05,20190222,50,True,,0.5369766310013802,0.00010389850012870738,1.8082496353599709e-06,0.00010297950075255358,0.00010478775038791355,9.943999975803308e-05,0.00016834100097185,0.00016834100097185;0.00012132200026826467;0.00010936900071101263;0.00010694400043576024;0.00010567200115474407;0.0001045400003931718;0.00010403899977973197;0.00010543200005486142;0.00010550200022407807;0.00010743500024545938;0.00010481000026629772;0.00010393899901828263;0.00010432000090077054;0.00010432000090077054;0.00010319800094293896;0.00010318699969502632;0.00010285700045642443;0.00010472100075276103;0.0001037680012814235;0.00010395899880677462;0.00010834700151463039;0.00010376899990660604;0.00010390900024503935;0.00010388800001237541;0.00010388799819338601;0.00010596299944154453;9.943999975803308e-05;0.00010318699969502632;0.00011771500066970475;0.00010351799937780015;0.00010297700100636575;0.000104057999124052;0.00010284700147167314;0.0001064730004145531;0.00010315699910279363;0.00010289599958923645;0.00010264599950460251;0.00010298699999111705;0.00010463900071044918;0.0001041390005411813;0.00010203500096395146;0.00010261599891236983;9.992999912356026e-05;0.00010335799925087485;0.00010302699956810102;0.00010238600043521728;0.00010229599865851924;0.00010421899969514925;0.0001025059991661692;0.00010256600035063457,2.2385190069584837e-05,cleared_before_run,fedora,Linux-7.1.5-201.fc44.x86_64-x86_64-with-glibc2.43,AMD Ryzen 5 9600X 6-Core Processor,12,6,True,AMD Radeon Graphics,hip 6.4.43484-123eb5128,3.12.13,2.9.1+rocm6.4,3.5.1,2026-08-03T16:30:08.752046+00:00
torch_compiled,cuda,float64,1024,0.05,20190222,50,True,,0.557998996000606,0.0008464114998787409,8.267999419331318e-06,0.0008429052500105172,0.0008511732494298485,0.0008382520009035943,0.0009271019989682827,0.0009271019989682827;0.0009080240015464369;0.0008567469994886778;0.0008525090015609749;0.0008465069986414164;0.0008438329987257021;0.0008423899998888373;0.000843490999614005;0.0008453649988950929;0.0009141769987763837;0.0008602939997217618;0.0008519380007783184;0.0008477299998048693;0.0008499640007357812;0.0008447749987681163;0.0008415280008193804;0.0008456760006083641;0.0008539810005459003;0.0008515870013070526;0.0008508949995302828;0.0008512459990015486;0.0008495940001012059;0.0008447029995295452;0.0008401750001212349;0.0008403259998885915;0.0008417190001637209;0.0008442730013484834;0.0008465370010526385;0.000863450000906596;0.0008506049998686649;0.0008474999995087273;0.0008453050013486063;0.0008414069998252671;0.0008388120004383381;0.0008397540004807524;0.0008437119995505782;0.0008423489998676814;0.0008457149997411761;0.0008493929999531247;0.0008517570004187291;0.0008535100005246932;0.0008466180006507784;0.0008427100001426879;0.0008382520009035943;0.0008386919998883968;0.0008398240006499691;0.0008451949997834163;0.0008509550007147482;0.0008499739997205324;0.0008463160011160653,4.440892098500626e-15,cleared_before_run,fedora,Linux-7.1.5-201.fc44.x86_64-x86_64-with-glibc2.43,AMD Ryzen 5 9600X 6-Core Processor,12,6,True,AMD Radeon Graphics,hip 6.4.43484-123eb5128,3.12.13,2.9.1+rocm6.4,3.5.1,2026-08-03T16:30:08.752046+00:00
triton,cuda,float32,1024,0.05,20190222,50,True,,35.63995822200013,0.009067253500688821,0.00047355724973385804,0.008826629250506812,0.00930018650024067,0.008342057999470853,0.010350444999858155,0.010350444999858155;0.009824380000281963;0.00961529100095504;0.0093390330002876;0.008622564000688726;0.009604220000255737;0.009063326000614325;0.008922106000682106;0.009513897000942961;0.009071181000763318;0.00883355699988897;0.009715823000078672;0.0087910260008357;0.009363348999613663;0.009710352000183775;0.00919148100001621;0.009060550999492989;0.008852884000589256;0.008748655000090366;0.009370703999593388;0.009301852000135113;0.009268757999961963;0.009166241999992053;0.008991699000034714;0.008912858998883166;0.00882432000071276;0.008811474999674829;0.009560647000398603;0.009273477999158786;0.00929519000055734;0.009090688001379021;0.009192072999212542;0.009079756999199162;0.008973525000328664;0.008342057999470853;0.009333150999736972;0.008837204000883503;0.00898854300066887;0.008858284001689753;0.008623556001111865;0.008517193000443513;0.008807146999970428;0.008562990000427817;0.00920140000016545;0.009022947999255848;0.009188676000121632;0.008624596999652567;0.009231186000761227;0.008650707999549923;0.008511993000865914,2.2671030366794298e-05,cleared_before_run,fedora,Linux-7.1.5-201.fc44.x86_64-x86_64-with-glibc2.43,AMD Ryzen 5 9600X 6-Core Processor,12,6,True,AMD Radeon Graphics,hip 6.4.43484-123eb5128,3.12.13,2.9.1+rocm6.4,3.5.1,2026-08-03T16:30:08.752046+00:00
triton,cuda,float64,1024,0.05,20190222,50,True,,56.05297007199988,0.012685681500443025,0.00035548399910112494,0.012507436500527547,0.012862920499628672,0.012121689000196056,0.013244854999356903,0.012913661999846227;0.01292591600031301;0.012864267999248113;0.01250993100074993;0.012383600000248407;0.012569165000968496;0.012502236000727862;0.013125687000865582;0.01306083400049829;0.012727276000077836;0.012603078999745776;0.01271095499942021;0.012686899000982521;0.012365806000161683;0.012230828000610927;0.012920776000100886;0.012784595999619341;0.012896248999823001;0.012858878000770346;0.012513658999523614;0.01246006600013061;0.012631293000595178;0.012506605000453419;0.013244854999356903;0.013054171000476344;0.012699453000095673;0.012575827000546269;0.012729489999401267;0.012643666999792913;0.01233125999897311;0.01221500699830358;0.012892442999145715;0.012761301000864478;0.01289242200073204;0.012803211999198538;0.012481768000725424;0.01240320699980657;0.012570797000080347;0.012461538999559707;0.013077035000605974;0.012956484000824275;0.012684463999903528;0.01254733300083899;0.012654898999244324;0.012588180999955512;0.012282265999601805;0.012121689000196056;0.012803893001546385;0.012709020998954657;0.01280955399852246,2.6645352591003757e-15,cleared_before_run,fedora,Linux-7.1.5-201.fc44.x86_64-x86_64-with-glibc2.43,AMD Ryzen 5 9600X 6-Core Processor,12,6,True,AMD Radeon Graphics,hip 6.4.43484-123eb5128,3.12.13,2.9.1+rocm6.4,3.5.1,2026-08-03T16:30:08.752046+00:00
python_pure,cpu,float32,2048,0.05,20190222,15,True,,0.5344517979992816,0.5419403850009985,0.004201266500786005,0.539298081999732,0.543499348500518,0.5358971090008708,0.553356045998953,0.5364453069996671;0.5366095499994117;0.553356045998953;0.5429807630007417;0.5399862020003638;0.5432113830011076;0.5358971090008708;0.5386099619991;0.5409924140003568;0.540105770000082;0.5419403850009985;0.546417768999163;0.5456880660003662;0.5437873139999283;0.5426700799998798,2.133872144582938e-05,cleared_before_run,fedora,Linux-7.1.5-201.fc44.x86_64-x86_64-with-glibc2.43,AMD Ryzen 5 9600X 6-Core Processor,12,6,True,AMD Radeon Graphics,hip 6.4.43484-123eb5128,3.12.13,2.9.1+rocm6.4,3.5.1,2026-08-03T16:30:08.752046+00:00
python_pure,cpu,float64,2048,0.05,20190222,15,True,,0.5464798079992761,0.5649966759992822,0.02766701499967894,0.5405836780000755,0.5682506929997544,0.5366078369988827,0.5727419840004586,0.5375946019994444;0.5370857100006106;0.5649966759992822;0.5665935359993455;0.5684943779997411;0.566723545000059;0.5680070079997677;0.5618941379998432;0.5697341769991908;0.5727419840004586;0.5688456290008617;0.5513188939985412;0.5366078369988827;0.538730022000891;0.5424373339992599,1.9539925233402755e-14,cleared_before_run,fedora,Linux-7.1.5-201.fc44.x86_64-x86_64-with-glibc2.43,AMD Ryzen 5 9600X 6-Core Processor,12,6,True,AMD Radeon Graphics,hip 6.4.43484-123eb5128,3.12.13,2.9.1+rocm6.4,3.5.1,2026-08-03T16:30:08.752046+00:00
torch_eager,cpu,float32,2048,0.05,20190222,50,True,,0.0272167899984197,0.02606225900035497,0.0012043757492392615,0.025483109999640874,0.026687485748880135,0.02443043600032979,0.029405491999568767,0.026689421998526086;0.025640808999014553;0.025498205999610946;0.02545830999952159;0.025736341000083485;0.025565894999090233;0.026681676999942283;0.02901804099928995;0.028892520998851978;0.028127499001129763;0.027965450999545283;0.02849241600051755;0.02519901400046365;0.025654685001427424;0.02605137299906346;0.026465623999683885;0.02643710899974394;0.026724819999799365;0.027502416000061203;0.026443561999258236;0.027998883999316604;0.026165399998717476;0.02672658299889008;0.026122968998606666;0.026958245998685015;0.02625508300116053;0.025049959998796112;0.026069086999996216;0.02516540000033274;0.02547807799965085;0.025307481999334414;0.02443043600032979;0.025023700000019744;0.02703885000119044;0.029405491999568767;0.025432711001485586;0.025559403000443126;0.026590973999191192;0.026055431000713725;0.025125154001216288;0.025564733001374407;0.02552121000007901;0.02621117800117645;0.025802766998822335;0.026547251000010874;0.026370903999122675;0.02559683499930543;0.025184235999404336;0.024907428000005893;0.02476534599918523,2.1312944589624294e-05,cleared_before_run,fedora,Linux-7.1.5-201.fc44.x86_64-x86_64-with-glibc2.43,AMD Ryzen 5 9600X 6-Core Processor,12,6,True,AMD Radeon Graphics,hip 6.4.43484-123eb5128,3.12.13,2.9.1+rocm6.4,3.5.1,2026-08-03T16:30:08.752046+00:00
torch_eager,cpu,float64,2048,0.05,20190222,50,True,,0.05561057799968694,0.055502506499578885,0.001227120750627364,0.05503730824921149,0.056264428999838856,0.05400779499905184,0.0616955940004118,0.05629253000006429;0.05633105400011118;0.05577690599966445;0.05932737900002394;0.059632300999510335;0.05759850599861238;0.05550396400030877;0.05454514199846017;0.05400779499905184;0.05552379199980351;0.05480099099986546;0.05552951300160203;0.05503559999851859;0.055574919999344274;0.05779934000020148;0.0616955940004118;0.06097649999901478;0.05994644200109178;0.05575938200126984;0.05682405699917581;0.05565194699920539;0.055261461000554846;0.05512870700113126;0.05489927899907343;0.056158974999561906;0.056312730001081945;0.05540366199966229;0.055295246000241605;0.056404423999993014;0.056180125999162556;0.055501048998849;0.055344780999803334;0.05504243300129019;0.05473504600013257;0.05568860700077494;0.05547123199903581;0.05505144000017026;0.058019058998979745;0.054897595999136684;0.055607612999665434;0.054969161999906646;0.05481738300113648;0.05478943999878538;0.05548810300024343;0.054760934001024;0.05536875600046187;0.0556378000001132;0.05524773500110314;0.05449430500084418;0.05440610699952231,0.0,cleared_before_run,fedora,Linux-7.1.5-201.fc44.x86_64-x86_64-with-glibc2.43,AMD Ryzen 5 9600X 6-Core Processor,12,6,True,AMD Radeon Graphics,hip 6.4.43484-123eb5128,3.12.13,2.9.1+rocm6.4,3.5.1,2026-08-03T16:30:08.752046+00:00
torch_compiled,cpu,float32,2048,0.05,20190222,50,True,,0.43657125999925483,0.004696031999628758,0.00021405475126812235,0.004622844498953782,0.004836899250221904,0.004434631999174599,0.005263025999738602,0.0048708960002841195;0.0046956120004324475;0.004602674000125262;0.0046619669992651325;0.004645015000278363;0.00475453400031256;0.0047564670003339415;0.004809389000001829;0.004681985999923199;0.0049064340000768425;0.005048807001003297;0.004838044000280206;0.004654192000089097;0.005033446001107222;0.004833465000046999;0.004434631999174599;0.0049343470000167144;0.005041573000198696;0.005263025999738602;0.0047867060002317885;0.004754805000629858;0.004714136999609764;0.004561043999274261;0.004941040000630892;0.004617102000338491;0.004561576000924106;0.004923807000523084;0.005062322001322173;0.004798908001248492;0.004650705999665661;0.004696451998825069;0.004627811000318616;0.004545063000477967;0.004708216001745313;0.00461369500044384;0.004606852000506478;0.005052542999692378;0.0046670369993080385;0.0046211889984988375;0.004681624999648193;0.004599998001140193;0.004525906999333529;0.004742560000522644;0.0046456060008495115;0.004538440998658189;0.005024911000873544;0.004674941999837756;0.004565363000438083;0.0047252580006897915;0.004668029001550167,2.1312944589624294e-05,cleared_before_run,fedora,Linux-7.1.5-201.fc44.x86_64-x86_64-with-glibc2.43,AMD Ryzen 5 9600X 6-Core Processor,12,6,True,AMD Radeon Graphics,hip 6.4.43484-123eb5128,3.12.13,2.9.1+rocm6.4,3.5.1,2026-08-03T16:30:08.752046+00:00
torch_compiled,cpu,float64,2048,0.05,20190222,50,True,,0.539257649999854,0.005969159499727539,0.00030008124940650305,0.0059279482497913705,0.0062280294991978735,0.005792617001134204,0.007793168999342015,0.005914168999879621;0.0060012949998053955;0.006067210999390227;0.005979535000733449;0.005996937999952934;0.006331667000267771;0.005949917000179994;0.005966839999018703;0.005949014999714564;0.005971479000436375;0.006003559999953723;0.005997648999255034;0.006268767001529341;0.006090034999942873;0.006518264000987983;0.006398063998858561;0.005936692999966908;0.005907577000471065;0.005981739001072128;0.006357115998980589;0.006180238000524696;0.006341917000099784;0.005957401999694412;0.006341174999761279;0.00596599900018191;0.005934066999543575;0.0064184939983533695;0.005955298000117182;0.005885344000489567;0.006243959998755599;0.007793168999342015;0.005829306999658002;0.005869695000001229;0.0063565339987690095;0.005882068000573781;0.005946702000073856;0.005832512999404571;0.005956289000096149;0.005964425999991363;0.0058858150005107746;0.006260160000238102;0.005846138999913819;0.005912897000598605;0.005991116000586771;0.005930661000093096;0.005792617001134204;0.005867249999937485;0.006277764001424657;0.005927043999690795;0.0060225870001886506,1.9539925233402755e-14,cleared_before_run,fedora,Linux-7.1.5-201.fc44.x86_64-x86_64-with-glibc2.43,AMD Ryzen 5 9600X 6-Core Processor,12,6,True,AMD Radeon Graphics,hip 6.4.43484-123eb5128,3.12.13,2.9.1+rocm6.4,3.5.1,2026-08-03T16:30:08.752046+00:00
torch_eager,cuda,float32,2048,0.05,20190222,50,True,,0.0038162710006872658,0.002275977999488532,6.519450016639894e-05,0.0022689525007990596,0.0023341470009654586,0.002255870000226423,0.0024033720001170877,0.0024033720001170877;0.0023866500014264602;0.002375968999331235;0.0023546989996248158;0.002366952001466416;0.0023695770014455775;0.0023524640000687214;0.0023654500000702683;0.002360330001465627;0.0023566629988636123;0.002352573999814922;0.0023601489992870484;0.0023449400014214916;0.0022624119992542546;0.002260118000776856;0.0023017679995973594;0.0022739349988114554;0.0022642259991698666;0.002255870000226423;0.0022855870010971557;0.002274735999890254;0.0022638549999101087;0.0022689150009682635;0.0022772199990868103;0.002265519000502536;0.002266571000291151;0.0022834829997009365;0.002278734000356053;0.0022671919996355427;0.0022699170003761537;0.0022788040005252697;0.0022821000002295477;0.0022580240001843777;0.0022734740014129784;0.002282471001308295;0.002270578001116519;0.002266690999022103;0.002280407001308049;0.002271871000630199;0.002285287000631797;0.002273173000503448;0.002271308998388122;0.0022926899982849136;0.0022746559989172965;0.002267261001179577;0.0022705390001647174;0.002281008000863949;0.002258243999676779;0.002269065000291448;0.002273232999868924,2.0861884287626253e-05,cleared_before_run,fedora,Linux-7.1.5-201.fc44.x86_64-x86_64-with-glibc2.43,AMD Ryzen 5 9600X 6-Core Processor,12,6,True,AMD Radeon Graphics,hip 6.4.43484-123eb5128,3.12.13,2.9.1+rocm6.4,3.5.1,2026-08-03T16:30:08.752046+00:00
torch_eager,cuda,float64,2048,0.05,20190222,50,True,,0.008528554000804434,0.006840224000370654,3.6740500490850536e-05,0.006827499249993707,0.006864239750484558,0.006811452998590539,0.0071196620010596234,0.006854074999864679;0.0068327140015753685;0.006855367000753176;0.0068530740009009605;0.006824259000495658;0.006844436999017489;0.006863954000436934;0.006870957000501221;0.006852392001746921;0.006843815999673097;0.0068738730005861726;0.006826944001659285;0.006815280999944662;0.006832986000517849;0.006840860000011162;0.006836040998678072;0.0068272839998826385;0.006839808000222547;0.0068252599994593766;0.006816122999225627;0.006840640000518761;0.006850056999610388;0.006927284999619587;0.006974125000851927;0.0069059039997227956;0.006864955999844824;0.006833546000052593;0.006962532999750692;0.0071196620010596234;0.00691887899847643;0.006858413998998003;0.0069485349995375145;0.00689520400010224;0.006864335000500432;0.006878350999613758;0.006822363999162917;0.00682337699981872;0.006820160000643227;0.006830309999713791;0.006825671000115108;0.006837283001004835;0.006835750000391272;0.00683091099926969;0.006826472999819089;0.006829358000686625;0.006811452998590539;0.006814099000621354;0.006828145000326913;0.006833546000052593;0.0068496059993776726,2.6645352591003757e-15,cleared_before_run,fedora,Linux-7.1.5-201.fc44.x86_64-x86_64-with-glibc2.43,AMD Ryzen 5 9600X 6-Core Processor,12,6,True,AMD Radeon Graphics,hip 6.4.43484-123eb5128,3.12.13,2.9.1+rocm6.4,3.5.1,2026-08-03T16:30:08.752046+00:00
torch_compiled,cuda,float32,2048,0.05,20190222,50,True,,0.5395963659993868,0.0002443819994368823,6.862749614811037e-06,0.00024073500026133843,0.00024759774987614946,0.0002361309998377692,0.0003060350009036483,0.0003060350009036483;0.00025829399965004995;0.0002518820001569111;0.0002491160012141336;0.00024691100043128245;0.00024914599998737685;0.00024536899945815094;0.0002469219998602057;0.00024746199960645754;0.00024938699971244205;0.000248644999373937;0.0002476429999660468;0.0002466309997544158;0.0002466610003466485;0.0002469020000717137;0.0002466410005581565;0.0002450379997753771;0.00024824399952194653;0.0002457290011079749;0.00024228299844253343;0.0002442269997118274;0.0002940519989351742;0.0002445369991619373;0.00024366500110772904;0.00024221300009230617;0.00024565900093875825;0.0002441160013404442;0.0002427239996904973;0.00024156200015568174;0.000241150000874768;0.00024147099975380115;0.0002409209992038086;0.00024026900064200163;0.0002407100000709761;0.0002396279996901285;0.00025858400113065727;0.0002395980009168852;0.00023840500034566503;0.00024081000083242543;0.00024099000074784271;0.00023981800040928647;0.00024056999973254278;0.0002361309998377692;0.0002399180011707358;0.00023856500047259033;0.0002554479997343151;0.00023979800062079448;0.0002406189996690955;0.00023942799998621922;0.00029709799855481833,2.1312944589624294e-05,cleared_before_run,fedora,Linux-7.1.5-201.fc44.x86_64-x86_64-with-glibc2.43,AMD Ryzen 5 9600X 6-Core Processor,12,6,True,AMD Radeon Graphics,hip 6.4.43484-123eb5128,3.12.13,2.9.1+rocm6.4,3.5.1,2026-08-03T16:30:08.752046+00:00
torch_compiled,cuda,float64,2048,0.05,20190222,50,True,,1.0936382830004732,0.0032683295003153034,1.841575067373924e-05,0.003256701749705826,0.003275117500379565,0.0032296800000040093,0.0033933239992620656,0.0033933239992620656;0.0032799960008560447;0.0033035020005627302;0.0032746959986980073;0.0032686550002836157;0.0032723320000513922;0.0032720519993745256;0.003275428000051761;0.003248074999646633;0.003255179999541724;0.0032845550013007596;0.0032603090003249235;0.0032892740000534104;0.003267062000304577;0.0032738150002842303;0.003297660001408076;0.003249108000090928;0.0032555799989495426;0.003276149000157602;0.003259246999732568;0.003262623999034986;0.003273664000516874;0.0032732440013205633;0.003284565000285511;0.0032667619998392183;0.0032597780009382404;0.0032752580009400845;0.003269847000410664;0.003261320998717565;0.0032680040003469912;0.00328334299956623;0.0032563109998591244;0.003269326000008732;0.0032828620005602716;0.003288883999630343;0.0032693660014047055;0.0032405210004071705;0.0032522729998163413;0.0032717809990572277;0.00324180399911711;0.0032578739992459305;0.0032652190002409043;0.0032467330001964;0.003259286999309552;0.0032296800000040093;0.003271750998464995;0.003248105998864048;0.0032552899992879247;0.0032635350016789744;0.003248396998969838,7.105427357601002e-15,cleared_before_run,fedora,Linux-7.1.5-201.fc44.x86_64-x86_64-with-glibc2.43,AMD Ryzen 5 9600X 6-Core Processor,12,6,True,AMD Radeon Graphics,hip 6.4.43484-123eb5128,3.12.13,2.9.1+rocm6.4,3.5.1,2026-08-03T16:30:08.752046+00:00
triton,cuda,float32,2048,0.05,20190222,50,True,,106.55676030200084,0.04172609550005291,0.0014986149999458576,0.0409537805007858,0.042452395500731654,0.03926382600002398,0.04407112100125232,0.04387534699890239;0.04382290700050362;0.042403425000884454;0.04327190399999381;0.04402200699951209;0.041143206999549875;0.04214155400040909;0.04132602599929669;0.04217155200058187;0.043520458000784856;0.040692305001357454;0.04207906499868841;0.0432084220010438;0.0423139340000489;0.04407112100125232;0.04124741600026027;0.04216536000058113;0.042929409000862506;0.041472135999356396;0.04251083000053768;0.04312717699940549;0.04049063999991631;0.041755105999982334;0.041283454998847446;0.042035001000840566;0.04312285900050483;0.04038679099903675;0.041409426001337124;0.04243702800158644;0.041462596998826484;0.04223999200075923;0.039676705999227124;0.04059145300016098;0.041772759999730624;0.04092625300108921;0.042246434999469784;0.042687737999585806;0.04010812900014571;0.041569842000171775;0.04036209500009136;0.041148427000734955;0.042457518000446726;0.039555964000101085;0.040610920999824884;0.0415745109985437;0.04080282700124371;0.04169708500012348;0.03926382600002398;0.04016879499977222;0.041036362999875564,2.0861884287626253e-05,cleared_before_run,fedora,Linux-7.1.5-201.fc44.x86_64-x86_64-with-glibc2.43,AMD Ryzen 5 9600X 6-Core Processor,12,6,True,AMD Radeon Graphics,hip 6.4.43484-123eb5128,3.12.13,2.9.1+rocm6.4,3.5.1,2026-08-03T16:30:08.752046+00:00
triton,cuda,float64,2048,0.05,20190222,50,True,,156.11523097400095,0.04886038149925298,0.002339364500130614,0.04787504774913032,0.05021441224926093,0.04570769400015706,0.052225393999833614,0.052225393999833614;0.04905742800110602;0.05028825099907408;0.051106925999192754;0.0506575769995834;0.051375488999838126;0.048829711999132996;0.04973135600084788;0.05070754199914518;0.0494126369994774;0.050776003999999375;0.05158977800056164;0.048833880999154644;0.050208076998387696;0.04944458700083487;0.04875079200064647;0.05171932600023865;0.05104035900149029;0.04974071499964339;0.05104402500001015;0.04989433800074039;0.04936418400029652;0.04822078799952578;0.04877096000018355;0.04999052099992696;0.05082180099998368;0.05021652399955201;0.04934216200126684;0.0482306569992943;0.04881107700020948;0.04790315100035514;0.046519135999915306;0.04910069099969405;0.04837835999933304;0.047427452000192716;0.04850901999998314;0.047855170001639635;0.04689199899985397;0.04611601500073448;0.04702457200073695;0.04795139399902837;0.04888688199935132;0.047865679998722044;0.04701140699944517;0.046063043000685866;0.04729157200017653;0.04672503900110314;0.04570769400015706;0.048201552001046366;0.047495451999566285,6.217248937900877e-15,cleared_before_run,fedora,Linux-7.1.5-201.fc44.x86_64-x86_64-with-glibc2.43,AMD Ryzen 5 9600X 6-Core Processor,12,6,True,AMD Radeon Graphics,hip 6.4.43484-123eb5128,3.12.13,2.9.1+rocm6.4,3.5.1,2026-08-03T16:30:08.752046+00:00
python_pure,cpu,float32,4096,0.05,20190222,15,True,,2.1853026839999075,2.2100154050003766,0.027333195000210253,2.1993469555000047,2.226680150500215,2.165640297000209,2.4063224739984435,2.165640297000209;2.4063224739984435;2.190758654000092;2.22423247199913;2.1953002949994698;2.217696227000488;2.207052626999939;2.2291278290012997;2.2100154050003766;2.2519704249989445;2.195575079998889;2.2031188310011203;2.209168614999726;2.2150244000004022;2.2411468560003414,8.041112893142355e-05,cleared_before_run,fedora,Linux-7.1.5-201.fc44.x86_64-x86_64-with-glibc2.43,AMD Ryzen 5 9600X 6-Core Processor,12,6,True,AMD Radeon Graphics,hip 6.4.43484-123eb5128,3.12.13,2.9.1+rocm6.4,3.5.1,2026-08-03T16:30:08.752046+00:00
python_pure,cpu,float64,4096,0.05,20190222,15,True,,2.2482449029994314,2.242398841000977,0.024899872500100173,2.2294964149996304,2.2543962874997305,2.1924972650012933,2.2850097729988192,2.2296015659994737;2.2311834080010158;2.2497262050001154;2.2672179420005705;2.2207900209996296;2.2388309380003193;2.210944421000022;2.2617184499995346;2.2458176929994806;2.2590663699993456;2.243055753999215;2.229391263999787;2.1924972650012933;2.242398841000977;2.2850097729988192,5.5067062021407764e-14,cleared_before_run,fedora,Linux-7.1.5-201.fc44.x86_64-x86_64-with-glibc2.43,AMD Ryzen 5 9600X 6-Core Processor,12,6,True,AMD Radeon Graphics,hip 6.4.43484-123eb5128,3.12.13,2.9.1+rocm6.4,3.5.1,2026-08-03T16:30:08.752046+00:00
torch_eager,cpu,float32,4096,0.05,20190222,50,True,,0.10114504900047905,0.10110710199933237,0.010322739251478197,0.09864665124905514,0.10896939050053334,0.0946743399999832,0.11370393600009265,0.09927078600048844;0.10264877300141961;0.10739508699953149;0.10432740299984289;0.10257177600033174;0.11370393600009265;0.11195272900113196;0.11237226100092812;0.10943442499956291;0.11044514700006403;0.11142511000070954;0.11025357100152178;0.11278792499979318;0.11005438900065201;0.10776614600035828;0.10077628300132346;0.1008610460012278;0.1045561489991087;0.1108079200002976;0.11255980900023133;0.10696592500062252;0.09863989099903847;0.10450631499952578;0.11325511799986998;0.10129549699922791;0.0989324399997713;0.09921548099919164;0.10271747499973571;0.10937047200059169;0.0969275679999555;0.09851472199989075;0.09478342900001735;0.0946743399999832;0.09674565099885513;0.09566869199989014;0.09822631000133697;0.09480567200080259;0.10091870699943684;0.0955481309993047;0.0991534730001149;0.0980478490000678;0.09909325700027694;0.09785452899996017;0.09938223000062862;0.09988300800068828;0.09866693199910515;0.10169395800039638;0.09985167699960584;0.09779149899986805;0.10641830900021887,8.088796608962667e-05,cleared_before_run,fedora,Linux-7.1.5-201.fc44.x86_64-x86_64-with-glibc2.43,AMD Ryzen 5 9600X 6-Core Processor,12,6,True,AMD Radeon Graphics,hip 6.4.43484-123eb5128,3.12.13,2.9.1+rocm6.4,3.5.1,2026-08-03T16:30:08.752046+00:00
torch_eager,cpu,float64,4096,0.05,20190222,50,True,,0.23388649600019562,0.22282767700016848,0.008929395249651861,0.22014485125009742,0.22907424649974928,0.21439526799986197,0.24645803600105864,0.23184995300107403;0.22854742999879818;0.22433630100022128;0.2222984349991748;0.2292498520000663;0.23159642800055735;0.2225911650002672;0.23274953300096968;0.2425306589993852;0.2230244929996843;0.22193098299976555;0.2250182039988431;0.22378865400060022;0.22482660800051235;0.2243071949997102;0.22636234300080105;0.2198848120006005;0.2190132249997987;0.2205395929995575;0.22080939899933583;0.2219059750004817;0.22105465800086677;0.2246889550006017;0.23601163800049108;0.2303641830003471;0.2245244099995034;0.21759469399876252;0.21738380100032373;0.21439526799986197;0.2150905069993314;0.21833803499976057;0.22169890900113387;0.21824841399939032;0.2200717089999671;0.22005714099941542;0.23395364399948448;0.2446330479997414;0.23012575699976878;0.24645803600105864;0.2332149619996926;0.23432665700056532;0.22554399900036515;0.219952610999826;0.22326571399935347;0.2203642780004884;0.22263086100065266;0.21821592099877307;0.22057912899981602;0.2187454240010993;0.22101046299940208,0.0,cleared_before_run,fedora,Linux-7.1.5-201.fc44.x86_64-x86_64-with-glibc2.43,AMD Ryzen 5 9600X 6-Core Processor,12,6,True,AMD Radeon Graphics,hip 6.4.43484-123eb5128,3.12.13,2.9.1+rocm6.4,3.5.1,2026-08-03T16:30:08.752046+00:00
torch_compiled,cpu,float32,4096,0.05,20190222,50,True,,0.7568507759988279,0.016733866999857128,0.0016607795005256776,0.016536995499791374,0.01819777500031705,0.01603340799920261,0.0247499399993103,0.016600712000581552;0.016327219000231707;0.017001899001115817;0.017721824999171076;0.016486885000631446;0.018495624999559368;0.016336326998498407;0.017144812998594716;0.016991438998957165;0.01826713800073776;0.018230808000225807;0.016533633999642916;0.017317261999778566;0.01645231899965438;0.01671372899909329;0.01682457999959297;0.021614375998979085;0.016688330000761198;0.016627823999442626;0.018396274999759044;0.016618577001281665;0.016568500999710523;0.018098676000590785;0.016351666001355625;0.016547080000236747;0.016754005000620964;0.01651751300050819;0.017899815999044222;0.01658424100060074;0.016280711000945303;0.018757185000140453;0.023190159001387656;0.0247499399993103;0.023137617999964277;0.02307375499913178;0.02225400899988017;0.01832030900004611;0.020941900998877827;0.016640558000290184;0.016764755999247427;0.016983224000796326;0.016421479000200634;0.016516109999429318;0.016577067999605788;0.016654123999614967;0.016877191999810748;0.016590913000982255;0.016418483999586897;0.016448771999421297;0.01603340799920261,8.231847756423605e-05,cleared_before_run,fedora,Linux-7.1.5-201.fc44.x86_64-x86_64-with-glibc2.43,AMD Ryzen 5 9600X 6-Core Processor,12,6,True,AMD Radeon Graphics,hip 6.4.43484-123eb5128,3.12.13,2.9.1+rocm6.4,3.5.1,2026-08-03T16:30:08.752046+00:00
torch_compiled,cpu,float64,4096,0.05,20190222,50,True,,1.0395526319989585,0.026499804500417667,0.000571520249650348,0.026256652250140178,0.026828172499790526,0.025627036000514636,0.02983829699951457,0.025825245998930768;0.02650779899886402;0.02776971200000844;0.026495787000385462;0.026328396999815595;0.025772695000341628;0.02658755199990992;0.026113125999472686;0.026992166000127327;0.02676782600065053;0.026855143998545827;0.026288461000149255;0.026254245000018273;0.025908783998602303;0.026478353000129573;0.02590081000016653;0.026361220001490437;0.026329219001127058;0.025788946000830038;0.02983829699951457;0.027077118000306655;0.025727128000653465;0.026195873000688152;0.025750282000444713;0.026308849999622907;0.02632663400072488;0.025667554000392556;0.026611107001372147;0.02658393499950762;0.027116544000818976;0.026550270998995984;0.02598389800004952;0.026304119999622344;0.026503822000449873;0.025627036000514636;0.027569069001401658;0.02683000599972729;0.026320099999793456;0.02682267199998023;0.026263874000505893;0.026649690000340343;0.02693554699908418;0.02658896499997354;0.026664338000045973;0.02686731700123346;0.026965204000589438;0.027146892000018852;0.02649497499987774;0.026736466999864206;0.026831017999938922,5.5067062021407764e-14,cleared_before_run,fedora,Linux-7.1.5-201.fc44.x86_64-x86_64-with-glibc2.43,AMD Ryzen 5 9600X 6-Core Processor,12,6,True,AMD Radeon Graphics,hip 6.4.43484-123eb5128,3.12.13,2.9.1+rocm6.4,3.5.1,2026-08-03T16:30:08.752046+00:00
torch_eager,cuda,float32,4096,0.05,20190222,50,True,,0.010336518000258366,0.009398890999364085,0.00011113449909316842,0.009374817500429344,0.009485951999522513,0.009336916999018285,0.010564874999545282,0.009968333999495371;0.009901807999995071;0.009804690998862498;0.00957257799927902;0.009509156001513475;0.00938309599951026;0.009387303000039537;0.009418944000572083;0.009377103999213432;0.009397462999913841;0.009419967000212637;0.00937215500016464;0.009486151999226422;0.009558391000609845;0.009353139001177624;0.009380621999298455;0.009463089001656044;0.00938327699986985;0.009363488999952096;0.00943776100029936;0.009388677000970347;0.009336916999018285;0.00937376799993217;0.009407120998730534;0.0093747800001438;0.009369220000735368;0.009399516999110347;0.009421609000128228;0.009357056000226294;0.009355954000056954;0.009400359000210301;0.009357165999972494;0.009366393998789135;0.009393776999786496;0.009367495998958475;0.009398264999617822;0.009385860999827855;0.009384127999510383;0.009426569000424934;0.009485352000410785;0.009374930001285975;0.009351544998935424;0.009423302999493899;0.009498506000454654;0.010564874999545282;0.009789722998903017;0.009806865999053116;0.009442730000955635;0.009719910000058007;0.009539926000798005,8.125138794756737e-05,cleared_before_run,fedora,Linux-7.1.5-201.fc44.x86_64-x86_64-with-glibc2.43,AMD Ryzen 5 9600X 6-Core Processor,12,6,True,AMD Radeon Graphics,hip 6.4.43484-123eb5128,3.12.13,2.9.1+rocm6.4,3.5.1,2026-08-03T16:30:08.752046+00:00
torch_eager,cuda,float64,4096,0.05,20190222,50,True,,0.028799790999983088,0.028362605499751226,0.0002905970000028901,0.028261387500151613,0.028551984500154504,0.028012015000058454,0.028801845999623765,0.028619717000765377;0.028519474999484373;0.028575643000294804;0.02870251499916776;0.028707664998364635;0.028650175001530442;0.028542259000460035;0.028579499999977998;0.02864652799871692;0.02838060899921402;0.028553029000249808;0.028465511999456794;0.02870340699882945;0.028492392999396543;0.028646808001212776;0.028608303999135387;0.028256874000362586;0.028447897999285487;0.028319261999058654;0.028343148000203655;0.028288354000324034;0.02861424599905149;0.02833806900162017;0.028332086998489103;0.0283631759994023;0.028274927999518695;0.028333229000054416;0.028325864999715122;0.02854885099986859;0.028482775000156835;0.02842647699981171;0.028498514999228064;0.028801845999623765;0.02822835799997847;0.02836203500010015;0.028192058998683933;0.028113338999901316;0.028235722998942947;0.02822052400006214;0.028286368999033584;0.02807316200050991;0.028330303999609896;0.02821910100101377;0.02843135699913546;0.02834942000117735;0.028114861999711138;0.02804615099921648;0.028242835998753435;0.02821871000014653;0.028012015000058454,1.0658141036401503e-14,cleared_before_run,fedora,Linux-7.1.5-201.fc44.x86_64-x86_64-with-glibc2.43,AMD Ryzen 5 9600X 6-Core Processor,12,6,True,AMD Radeon Graphics,hip 6.4.43484-123eb5128,3.12.13,2.9.1+rocm6.4,3.5.1,2026-08-03T16:30:08.752046+00:00
torch_compiled,cuda,float32,4096,0.05,20190222,50,True,,1.4106998429997475,0.0009123790014200495,4.362800109447562e-05,0.0008992914995360479,0.0009429195006305235,0.000870845000463305,0.0010533929998928215,0.0010533929998928215;0.0009295359996031038;0.0009123940017161658;0.0009123640011239331;0.0009529709986964008;0.0009295170002587838;0.0010156320004170993;0.00089757599926088;0.000884991000930313;0.0008950800001912285;0.0008871560003171908;0.0009779490010259906;0.0009630710010242183;0.00091193300067971;0.0009012129994516727;0.0009158709999610437;0.0008995990010589594;0.0009657260015956126;0.0010050910004792968;0.0010030980010924395;0.0009562180002831155;0.001009089000945096;0.000942912000027718;0.0009670990002632607;0.0009097689999180147;0.0008956020010373322;0.0009429220008314587;0.0009218729992426233;0.0009206799986714032;0.0009156500000244705;0.0009085570000024745;0.0008991889990284108;0.0009008920005726395;0.0009050900007423479;0.0008918849998735823;0.0008895899991330225;0.000905581000552047;0.0008999000001495006;0.0009063729994522873;0.0009176340008707484;0.0009152389993687393;0.0010271529990859563;0.0009085670008062152;0.0008948209997470258;0.0009266809993278002;0.0008843800005706726;0.000870845000463305;0.0008717260006960714;0.0008879069991962751;0.0009328940013801912,8.029771363116112e-05,cleared_before_run,fedora,Linux-7.1.5-201.fc44.x86_64-x86_64-with-glibc2.43,AMD Ryzen 5 9600X 6-Core Processor,12,6,True,AMD Radeon Graphics,hip 6.4.43484-123eb5128,3.12.13,2.9.1+rocm6.4,3.5.1,2026-08-03T16:30:08.752046+00:00
torch_compiled,cuda,float64,4096,0.05,20190222,50,True,,3.5749261370001477,0.012620018499546859,0.00012170500031061238,0.012543842499781022,0.012665547500091634,0.012436852999599068,0.012786270999640692,0.012764991000949522;0.012665510001170333;0.012665559999732068;0.012681079000685713;0.012670049000007566;0.012742156000967952;0.012694625998847187;0.012659668998821871;0.012656853999942541;0.01267761300005077;0.012658648000069661;0.01265163400057645;0.012763156999426428;0.01266869599930942;0.01267531900157337;0.01266727400070522;0.012640912998904241;0.012620243998753722;0.012639390000913409;0.012621224999747938;0.01261593500021263;0.012622848000319209;0.012619793000339996;0.012591770000653923;0.012569766999149579;0.012548685999718145;0.012569356000312837;0.012562112000523484;0.012634280999918701;0.0126401919987984;0.012543566999738687;0.012500425000325777;0.012548095999591169;0.012533398001323803;0.012538438000774477;0.012517898001533467;0.012786270999640692;0.012696480000158772;0.012537665999843739;0.012562583000544691;0.012579234999066102;0.012544668999908026;0.0124504089999391;0.01245724200089171;0.01256295399980445;0.01248261100045056;0.012455538999347482;0.012436852999599068;0.012447032000636682;0.012532015000033425,1.4210854715202004e-14,cleared_before_run,fedora,Linux-7.1.5-201.fc44.x86_64-x86_64-with-glibc2.43,AMD Ryzen 5 9600X 6-Core Processor,12,6,True,AMD Radeon Graphics,hip 6.4.43484-123eb5128,3.12.13,2.9.1+rocm6.4,3.5.1,2026-08-03T16:30:08.752046+00:00
triton,cuda,float32,4096,0.05,20190222,50,True,,0.08523104000050807,0.08701248000124906,0.002238972499526426,0.0856468442498226,0.08788581674934903,0.08188444200095546,0.0915218840000307,0.08790975999909278;0.08858133299872861;0.0915218840000307;0.08429637299923343;0.08639906200005498;0.08740026600025885;0.09000378200107662;0.08319030900020152;0.08602569899994705;0.08677894799984642;0.08925880899914773;0.08480583600066893;0.08651872200061916;0.08692338400032895;0.089813980001054;0.08504297100080294;0.08721594400049071;0.08652359100051399;0.08885458600161655;0.08247289700011606;0.08562799799983623;0.08570338299978175;0.08837331600079779;0.08188444200095546;0.08714229399993201;0.0874617629997374;0.08694352300153696;0.08356851200005622;0.08808610699998098;0.08744845799992618;0.08524827300061588;0.08943700899908436;0.08729739900081768;0.08754558399959933;0.08341326499976276;0.08886603800056037;0.08661006599868415;0.08746387800056254;0.08505737700033933;0.08871794500009855;0.08673308100151189;0.08723020100114809;0.08309906400063483;0.08872655099912663;0.086550060999798;0.08730945299976156;0.08475499999985914;0.08588777600016329;0.08708143700096116;0.08781398700011778,8.088796608962667e-05,cleared_before_run,fedora,Linux-7.1.5-201.fc44.x86_64-x86_64-with-glibc2.43,AMD Ryzen 5 9600X 6-Core Processor,12,6,True,AMD Radeon Graphics,hip 6.4.43484-123eb5128,3.12.13,2.9.1+rocm6.4,3.5.1,2026-08-03T16:30:08.752046+00:00
triton,cuda,float64,4096,0.05,20190222,50,True,,0.05376672600141319,0.05398481699921831,0.0006822134996582463,0.05359369274947312,0.05427590624913137,0.052950244999010465,0.054558357998757856,0.054054494999945746;0.05453214800036221;0.0535308750004333;0.054461043000628706;0.054341875000318396;0.05385052500059828;0.054525546000149916;0.05353111500153318;0.05384767999930773;0.05446187400048075;0.05342358900088584;0.0543125490003149;0.05431211900031485;0.053730577001260826;0.054264436999801546;0.05359366499942553;0.054318090000379016;0.05434573200000159;0.05332117299985839;0.05427923499883036;0.05438596900057746;0.05380003899881558;0.054265920000034384;0.053727349999462604;0.05403503799971077;0.054558357998757856;0.053339779000452836;0.054252813999482896;0.054265138000118895;0.05364738700154703;0.05416258199875301;0.053332937000959646;0.05391831599990837;0.054506899999978486;0.053586830999847734;0.054245159999481984;0.05417681000108132;0.0537914329997875;0.053931581000142614;0.05307418200027314;0.0535937759996159;0.054049867001594976;0.052950244999010465;0.054188080999665544;0.05384305200095696;0.05340920200069377;0.05396936199940683;0.053082567999808816;0.05349922399909701;0.05400027199902979,1.0658141036401503e-14,cleared_before_run,fedora,Linux-7.1.5-201.fc44.x86_64-x86_64-with-glibc2.43,AMD Ryzen 5 9600X 6-Core Processor,12,6,True,AMD Radeon Graphics,hip 6.4.43484-123eb5128,3.12.13,2.9.1+rocm6.4,3.5.1,2026-08-03T16:30:08.752046+00:00
python_pure,cpu,float32,8192,0.05,20190222,8,True,,8.468883383000502,8.651759636501083,0.3768919112499134,8.555666882499736,8.93255879374965,8.514641391999248,9.123570521000147,8.537825266001164;8.514641391999248;8.56161408799926;8.623398650001036;8.68012062300113;8.908037287999832;9.123570521000147;9.0061233109991,6.933153682808779e-05,cleared_before_run,fedora,Linux-7.1.5-201.fc44.x86_64-x86_64-with-glibc2.43,AMD Ryzen 5 9600X 6-Core Processor,12,6,True,AMD Radeon Graphics,hip 6.4.43484-123eb5128,3.12.13,2.9.1+rocm6.4,3.5.1,2026-08-03T16:30:08.752046+00:00
python_pure,cpu,float64,8192,0.05,20190222,8,True,,9.07415943199885,9.111389252499976,0.12437480400194545,9.061611068749244,9.18598587275119,8.965307791000669,9.300377257000946,8.965307791000669;9.300377257000946;9.084471062999;9.203616170001624;8.993031085999974;9.09999716099992;9.122781344000032;9.180109107001044,1.2256862191861728e-13,cleared_before_run,fedora,Linux-7.1.5-201.fc44.x86_64-x86_64-with-glibc2.43,AMD Ryzen 5 9600X 6-Core Processor,12,6,True,AMD Radeon Graphics,hip 6.4.43484-123eb5128,3.12.13,2.9.1+rocm6.4,3.5.1,2026-08-03T16:30:08.752046+00:00
torch_eager,cpu,float32,8192,0.05,20190222,30,True,,0.4943855199999234,0.46500035200006096,0.010783964001348068,0.46180718274899846,0.4725911467503465,0.4554790719994344,0.4969145760005631,0.475160441999833;0.4645022999993671;0.465270569000495;0.49642817699896113;0.4969145760005631;0.47814973599997757;0.48167070700037584;0.461700062998716;0.4596148769996944;0.46220742300101847;0.45733456800007843;0.46034372000031;0.4642037489993527;0.4725014999985433;0.4726210290009476;0.48861839799974405;0.4697847469997214;0.4713659289991483;0.4647301349996269;0.4702489440005593;0.46747812799912936;0.46558878699943307;0.46212854199984577;0.46073910599989176;0.48483301200030837;0.46006775199930416;0.4554790719994344;0.46351036399937584;0.45903886599990074;0.462929773999349,6.837786251168154e-05,cleared_before_run,fedora,Linux-7.1.5-201.fc44.x86_64-x86_64-with-glibc2.43,AMD Ryzen 5 9600X 6-Core Processor,12,6,True,AMD Radeon Graphics,hip 6.4.43484-123eb5128,3.12.13,2.9.1+rocm6.4,3.5.1,2026-08-03T16:30:08.752046+00:00
torch_eager,cpu,float64,8192,0.05,20190222,30,True,,0.959174528999938,0.9395353885010991,0.005760225750691461,0.9367838342500363,0.9425440600007278,0.9307817059998342,0.9533393350011465,0.9533393350011465;0.9367607650001446;0.9396408000011434;0.9407968389987218;0.9317219029999251;0.9337758100009523;0.9390679749994888;0.9474700549999397;0.9440124270004162;0.9426978740011691;0.9385732999999163;0.9432380359994568;0.9396794759995828;0.9382775440008118;0.9398094529988157;0.9397091909995652;0.9396549880002567;0.9496573870001157;0.939129572998354;0.9420826179994037;0.9394299770010548;0.9368530419997114;0.9330968810008926;0.9357498619992839;0.9307817059998342;0.9324915540000802;0.9377833489998011;0.9353561000007176;0.9461960309999995;0.942817091001416,0.0,cleared_before_run,fedora,Linux-7.1.5-201.fc44.x86_64-x86_64-with-glibc2.43,AMD Ryzen 5 9600X 6-Core Processor,12,6,True,AMD Radeon Graphics,hip 6.4.43484-123eb5128,3.12.13,2.9.1+rocm6.4,3.5.1,2026-08-03T16:30:08.752046+00:00
torch_compiled,cpu,float32,8192,0.05,20190222,30,True,,1.618452504000743,0.06910756499928539,0.0004896425002698379,0.06879353249951237,0.0692831749997822,0.06817145999957575,0.07425919700108352,0.07080117700024857;0.06864501500058395;0.06817145999957575;0.06858157399983611;0.06928958699973009;0.06828600900007586;0.07425919700108352;0.06878287800100225;0.0706920690008701;0.06914379899899359;0.0688319330001832;0.06922708799902466;0.0687891719990148;0.06913724599871784;0.06909830199947464;0.06866395199904218;0.0687473609996232;0.06886437499997555;0.06884503800029051;0.0695723579992773;0.06912900099996477;0.06891920000089158;0.06896463699922606;0.07062765500086243;0.07191163999959826;0.06911682799909613;0.06880661400100507;0.06926393899993855;0.0691213059999427;0.06942372399862506,6.933153682808779e-05,cleared_before_run,fedora,Linux-7.1.5-201.fc44.x86_64-x86_64-with-glibc2.43,AMD Ryzen 5 9600X 6-Core Processor,12,6,True,AMD Radeon Graphics,hip 6.4.43484-123eb5128,3.12.13,2.9.1+rocm6.4,3.5.1,2026-08-03T16:30:08.752046+00:00
torch_compiled,cpu,float64,8192,0.05,20190222,30,True,,3.1944879870006844,0.13203131850059435,0.002912326749992644,0.13081487625049704,0.13372720300048968,0.1301100269993185,0.15453471499859006,0.13817103500150552;0.15453471499859006;0.13557192699954612;0.1337458260004496;0.13211023900112195;0.1312018429998716;0.13018113299949619;0.13794256799883442;0.13123644900042564;0.13367133400060993;0.13190932500037889;0.13384032599969942;0.1361708610002097;0.1338948109987541;0.13138622600126837;0.13324429699969187;0.13230502199985494;0.1325093729992659;0.13220947900117608;0.13195239800006675;0.13061256700166268;0.13268285500089405;0.1308333990000392;0.1310757819992432;0.13080870200064965;0.13074662299914053;0.13024415200015937;0.13075054999899294;0.1301100269993185;0.130291302999467,1.2256862191861728e-13,cleared_before_run,fedora,Linux-7.1.5-201.fc44.x86_64-x86_64-with-glibc2.43,AMD Ryzen 5 9600X 6-Core Processor,12,6,True,AMD Radeon Graphics,hip 6.4.43484-123eb5128,3.12.13,2.9.1+rocm6.4,3.5.1,2026-08-03T16:30:08.752046+00:00
torch_eager,cuda,float32,8192,0.05,20190222,30,True,,0.03956098100024974,0.0388979584995468,0.0002149577494492405,0.038813573000425095,0.039028530749874335,0.038542484000572586,0.0398192550001113,0.03898165399914433;0.03903787099989131;0.039160676000392414;0.03900050999982341;0.03919026199946529;0.038986293000562;0.03888555099911173;0.03880883400051971;0.03891103900059534;0.03879279200009478;0.038956034999500844;0.03883976200086181;0.03885290800099028;0.03886951899949054;0.03882779000014125;0.03904356199927861;0.03887261599993508;0.03891036599998188;0.038711416000296595;0.03867967599944677;0.038770068998928764;0.03888188200107834;0.038542484000572586;0.03863421899950481;0.03866944699984742;0.03928232900034345;0.0398192550001113;0.038985941999271745;0.03911297500053479;0.03944278500057408,6.933153682808779e-05,cleared_before_run,fedora,Linux-7.1.5-201.fc44.x86_64-x86_64-with-glibc2.43,AMD Ryzen 5 9600X 6-Core Processor,12,6,True,AMD Radeon Graphics,hip 6.4.43484-123eb5128,3.12.13,2.9.1+rocm6.4,3.5.1,2026-08-03T16:30:08.752046+00:00
torch_eager,cuda,float64,8192,0.05,20190222,30,True,,0.11381630100004259,0.11078358850045333,0.0019234940000387724,0.10993744649931614,0.11186094049935491,0.10943832200064207,0.11332417000085115,0.11326277199987089;0.11332417000085115;0.11281572799998685;0.11286186699908285;0.11279287400066096;0.1124427859995194;0.11192325199954212;0.11200718199870607;0.11167400599879329;0.11158943400005228;0.11118736599928525;0.11146786199969938;0.11136710900063918;0.11080337100065663;0.11076380600025004;0.11033018699890818;0.1108695679995435;0.11019912600022508;0.11022927399972104;0.10998847299924819;0.10972248600046441;0.11008586999923864;0.10951066999950854;0.1099776329992892;0.1097925390004093;0.10991695700067794;0.10966003600151453;0.10943832200064207;0.10992405099932512;0.1095623990004242,1.0658141036401503e-14,cleared_before_run,fedora,Linux-7.1.5-201.fc44.x86_64-x86_64-with-glibc2.43,AMD Ryzen 5 9600X 6-Core Processor,12,6,True,AMD Radeon Graphics,hip 6.4.43484-123eb5128,3.12.13,2.9.1+rocm6.4,3.5.1,2026-08-03T16:30:08.752046+00:00
torch_compiled,cuda,float32,8192,0.05,20190222,30,True,,6.787711640999987,0.003555626499291975,0.00018321099878448877,0.003475808500297717,0.0036590194990822056,0.0033909320009115618,0.0038652479997836053,0.0037844739999854937;0.0034308390004298417;0.003838947999611264;0.0035767970002780203;0.0036788920006074477;0.003554884999175556;0.003759016000913107;0.0038652479997836053;0.003664324998680968;0.0035931180009356467;0.0035288949984533247;0.0037406709998322185;0.003515469999911147;0.003643103000285919;0.0034672080000746064;0.0035889400005544303;0.0035620889993879246;0.003478287999314489;0.0034749820006254595;0.003556367999408394;0.0034377009997115238;0.003665997999632964;0.003467238000666839;0.003494919999866397;0.0034345349995419383;0.00361951900049462;0.0035099890010314994;0.003472848000455997;0.0033909320009115618;0.0034825369984901045,6.837786251168154e-05,cleared_before_run,fedora,Linux-7.1.5-201.fc44.x86_64-x86_64-with-glibc2.43,AMD Ryzen 5 9600X 6-Core Processor,12,6,True,AMD Radeon Graphics,hip 6.4.43484-123eb5128,3.12.13,2.9.1+rocm6.4,3.5.1,2026-08-03T16:30:08.752046+00:00
torch_compiled,cuda,float64,8192,0.05,20190222,30,True,,19.50073953699939,0.060799838999628264,0.0016537029991923191,0.05973726074989827,0.06139096374909059,0.05876482899839175,0.0646434970003611,0.06372256699978607;0.061466974000722985;0.06159894699885626;0.0646434970003611;0.06137462799961213;0.06204781499945966;0.06139640899891674;0.06167194699992251;0.061024709000776056;0.060780230998716434;0.06141054699946835;0.0610241379999934;0.060819447000540094;0.059926269999778015;0.06014430599861953;0.06106512699989253;0.06016995600111841;0.06052732799980731;0.059831888998814975;0.06032760599919129;0.06137249399944267;0.05970571800025937;0.05942846799916879;0.05879800299953786;0.058922070000335225;0.061275459000171395;0.05950741899869172;0.05927497499942547;0.05876482899839175;0.058929994998834445,3.907985046680551e-14,cleared_before_run,fedora,Linux-7.1.5-201.fc44.x86_64-x86_64-with-glibc2.43,AMD Ryzen 5 9600X 6-Core Processor,12,6,True,AMD Radeon Graphics,hip 6.4.43484-123eb5128,3.12.13,2.9.1+rocm6.4,3.5.1,2026-08-03T16:30:08.752046+00:00
triton,cuda,float32,8192,0.05,20190222,30,True,,0.09310705500138283,0.09174918399912713,0.0011624765006672533,0.09134104924987696,0.09250352575054421,0.0902001280010154,0.0941692750002403,0.0936120309997932;0.0941692750002403;0.0926253439993161;0.09365378000074998;0.0933681839997007;0.0917281889996957;0.09309493199907592;0.09185513199918205;0.09209042200018303;0.09252047300105914;0.09084989999973914;0.0919439519984735;0.09387059499931638;0.0913839109998662;0.09245268399899942;0.09104872999887448;0.09140287700029148;0.09195275800084346;0.09060282799873676;0.09162325900069845;0.09157013699950767;0.09042635100013285;0.09180636800010689;0.0902001280010154;0.09132676199988055;0.0916632850003225;0.0904840109997167;0.09156786200037459;0.09177017899855855;0.09036457300135226,6.837786251168154e-05,cleared_before_run,fedora,Linux-7.1.5-201.fc44.x86_64-x86_64-with-glibc2.43,AMD Ryzen 5 9600X 6-Core Processor,12,6,True,AMD Radeon Graphics,hip 6.4.43484-123eb5128,3.12.13,2.9.1+rocm6.4,3.5.1,2026-08-03T16:30:08.752046+00:00
triton,cuda,float64,8192,0.05,20190222,30,True,,0.0715821590001724,0.07120609550020163,0.00021694000042771222,0.07106586274949223,0.07128280274991994,0.07094716599931417,0.07202023799982271,0.07128866899984132;0.07124226999985694;0.07202023799982271;0.07112632899952587;0.07130124200011778;0.07154415699915262;0.07119284500004142;0.07122311300008732;0.07108275499922456;0.07121934600036184;0.07159593700089317;0.0712544230009371;0.0715879910003423;0.07105490200046916;0.07112082800085773;0.0712252269986493;0.07126068599973223;0.07106023199958145;0.07118762499885634;0.07151540300037595;0.07100345399885555;0.07100686999910977;0.07117056300012337;0.07126520400015579;0.07100610800080176;0.07109898600174347;0.07152766499893914;0.07094716599931417;0.07099675099925662;0.07105357000000367,1.7763568394002505e-14,cleared_before_run,fedora,Linux-7.1.5-201.fc44.x86_64-x86_64-with-glibc2.43,AMD Ryzen 5 9600X 6-Core Processor,12,6,True,AMD Radeon Graphics,hip 6.4.43484-123eb5128,3.12.13,2.9.1+rocm6.4,3.5.1,2026-08-03T16:30:08.752046+00:00
torch_eager,cpu,float32,16384,0.05,20190222,20,True,,1.951012265000827,1.943376884000827,0.0485991097502847,1.904799397750594,1.9533985075008786,1.898046289999911,1.9845455039994704,1.9479342700014968;1.9540262350001285;1.9483068429999548;1.963599153999894;1.9571649649988103;1.951184273000763;1.9241486480004824;1.937046406999798;1.9531892650011287;1.9749139840005228;1.9388194980001572;1.8988337949995184;1.9845455039994704;1.9085175249983877;1.9009476649989665;1.9011798189985711;1.9051603980005893;1.950380366999525;1.9037163970006077;1.898046289999911,0.0001760046561720685,cleared_before_run,fedora,Linux-7.1.5-201.fc44.x86_64-x86_64-with-glibc2.43,AMD Ryzen 5 9600X 6-Core Processor,12,6,True,AMD Radeon Graphics,hip 6.4.43484-123eb5128,3.12.13,2.9.1+rocm6.4,3.5.1,2026-08-03T16:30:08.752046+00:00
torch_eager,cpu,float64,16384,0.05,20190222,20,True,,3.910624697999083,3.853628034000394,0.02205169524950179,3.840812874000221,3.862864569249723,3.823700461998669,3.941036719001204,3.941036719001204;3.8385161310015974;3.8521765250006865;3.8618446639993635;3.8560510210008943;3.861319341000126;3.8659242850008013;3.8427155910012516;3.8577803950011003;3.8501540689994727;3.881392129998858;3.8762181990005047;3.8878986060008174;3.844391882999844;3.828354367000429;3.8415784549997625;3.8550795430001017;3.8269577379996917;3.823700461998669;3.832643175001067,0.0,cleared_before_run,fedora,Linux-7.1.5-201.fc44.x86_64-x86_64-with-glibc2.43,AMD Ryzen 5 9600X 6-Core Processor,12,6,True,AMD Radeon Graphics,hip 6.4.43484-123eb5128,3.12.13,2.9.1+rocm6.4,3.5.1,2026-08-03T16:30:08.752046+00:00
torch_compiled,cpu,float32,16384,0.05,20190222,20,True,,6.405533722998371,0.2798639365009876,0.009629351250168838,0.27688953625056456,0.2865188875007334,0.2746651839988772,0.31783806900057243,0.31613956299952406;0.28134072499960894;0.31783806900057243;0.28661202100010996;0.2864878430009412;0.31259698100075184;0.27997356100058823;0.27533796100033214;0.27552010799990967;0.2746651839988772;0.27777262500057986;0.28922143899944786;0.28429521299949556;0.2767296609999903;0.27664760399966326;0.2805260980003368;0.279754312001387;0.2785661009984324;0.2770632880001358;0.276942828000756,0.0001727968169369376,cleared_before_run,fedora,Linux-7.1.5-201.fc44.x86_64-x86_64-with-glibc2.43,AMD Ryzen 5 9600X 6-Core Processor,12,6,True,AMD Radeon Graphics,hip 6.4.43484-123eb5128,3.12.13,2.9.1+rocm6.4,3.5.1,2026-08-03T16:30:08.752046+00:00
torch_compiled,cpu,float64,16384,0.05,20190222,20,True,,13.177643382001406,0.5503116845002296,0.015723561000868358,0.5443911052493604,0.5601146662502288,0.5404760439996608,0.604997918000663,0.5924345130006259;0.5442497069998353;0.5433251399990695;0.583770220999213;0.5493508379986451;0.5564753670005302;0.5444562029988447;0.564667686001485;0.604997918000663;0.5559941270003037;0.55859699299981;0.551886335000745;0.5497181400005502;0.5456106689998705;0.5444382379992021;0.5404760439996608;0.5420726760003163;0.5440868459991179;0.5665678989989829;0.550905228999909,3.375077994860476e-13,cleared_before_run,fedora,Linux-7.1.5-201.fc44.x86_64-x86_64-with-glibc2.43,AMD Ryzen 5 9600X 6-Core Processor,12,6,True,AMD Radeon Graphics,hip 6.4.43484-123eb5128,3.12.13,2.9.1+rocm6.4,3.5.1,2026-08-03T16:30:08.752046+00:00
torch_eager,cuda,float32,16384,0.05,20190222,20,True,,0.15651662300115277,0.15313902599973517,0.002135036249001132,0.15229134100081865,0.15442637724981978,0.15106281800035504,0.1554651329988701,0.1554651329988701;0.1553408859999763;0.15484644999924058;0.15495637000094575;0.1543754899994383;0.15457903900096426;0.15397897199909494;0.15381765299935068;0.15358856599959836;0.15306807999877492;0.15320997200069542;0.15295642700039025;0.15236509700116585;0.15249292199951014;0.1527956100017036;0.15207007299977704;0.1519051680006669;0.15125183899908734;0.15124517700132856;0.15106281800035504,0.0001760046561720685,cleared_before_run,fedora,Linux-7.1.5-201.fc44.x86_64-x86_64-with-glibc2.43,AMD Ryzen 5 9600X 6-Core Processor,12,6,True,AMD Radeon Graphics,hip 6.4.43484-123eb5128,3.12.13,2.9.1+rocm6.4,3.5.1,2026-08-03T16:30:08.752046+00:00
torch_eager,cuda,float64,16384,0.05,20190222,20,True,,0.4384597690004739,0.4363324525002099,0.005533953250505874,0.43117674449968035,0.4367106977501862,0.43060170900025696,0.43726349200005643,0.4367089520001173;0.4363635820009222;0.4312181959994632;0.43060170900025696;0.4309832670005562;0.43098249699869484;0.4310523900003318;0.4309909019993938;0.4344182439999713;0.43726349200005643;0.4363776890004374;0.4362937480000255;0.43659467399993446;0.43594066399964504;0.4364156510000612;0.43678907600042294;0.4367159350003931;0.43679895399873203;0.43691475600098784;0.43630132299949764,2.4868995751603507e-14,cleared_before_run,fedora,Linux-7.1.5-201.fc44.x86_64-x86_64-with-glibc2.43,AMD Ryzen 5 9600X 6-Core Processor,12,6,True,AMD Radeon Graphics,hip 6.4.43484-123eb5128,3.12.13,2.9.1+rocm6.4,3.5.1,2026-08-03T16:30:08.752046+00:00
torch_compiled,cuda,float32,16384,0.05,20190222,20,True,,35.40065113299897,0.013719325001147809,0.000287491751350899,0.013670791749063937,0.013958283500414836,0.013614604000395047,0.014515236000079312,0.01442945199960377;0.014515236000079312;0.01438903399866831;0.014229209000404808;0.014049035000425647;0.013928033000411233;0.013698124001166434;0.013663578998603043;0.013618511000458966;0.013679599000170128;0.013673195999217569;0.013773266999123734;0.013718093001443776;0.013786191999315633;0.013615186000606627;0.013705728000786621;0.013662295999893104;0.013614604000395047;0.013862528001482133;0.01372055700085184,0.0001760046561720685,cleared_before_run,fedora,Linux-7.1.5-201.fc44.x86_64-x86_64-with-glibc2.43,AMD Ryzen 5 9600X 6-Core Processor,12,6,True,AMD Radeon Graphics,hip 6.4.43484-123eb5128,3.12.13,2.9.1+rocm6.4,3.5.1,2026-08-03T16:30:08.752046+00:00
torch_compiled,cuda,float64,16384,0.05,20190222,20,True,,49.281014326999866,0.25979823550096626,0.00873264624942749,0.256941066500076,0.26567371274950347,0.2553016710007796,0.2731684940008563,0.27244502199937415;0.2731684940008563;0.2707225390004169;0.27065886600030353;0.2648133629991207;0.26669393700103683;0.26533363799899234;0.25957914700120455;0.2602033399998618;0.257612737999807;0.26001732400072797;0.2553016710007796;0.2562841379985912;0.2583267230002093;0.2559539469984884;0.25941250799951376;0.25665703099912207;0.255569070999627;0.26073612900108856;0.25703574500039394,9.592326932761353e-14,cleared_before_run,fedora,Linux-7.1.5-201.fc44.x86_64-x86_64-with-glibc2.43,AMD Ryzen 5 9600X 6-Core Processor,12,6,True,AMD Radeon Graphics,hip 6.4.43484-123eb5128,3.12.13,2.9.1+rocm6.4,3.5.1,2026-08-03T16:30:08.752046+00:00
triton,cuda,float32,16384,0.05,20190222,20,True,,0.11545660499905352,0.11570538599971769,0.0009633697504796146,0.1152567099998123,0.11622007975029192,0.11473545700027898,0.11848291000023892,0.11619142000017746;0.11591207499986922;0.11635106500034453;0.11601506200167933;0.11630605900063529;0.11642675000075542;0.11711500499950489;0.11600451199956296;0.1156856429988693;0.11848291000023892;0.11535235599876614;0.11515038900142827;0.11473545700027898;0.11492450800142251;0.11521165699923586;0.11570009099887102;0.11571068100056436;0.11530790100005106;0.11523500200019043;0.11526394599968626,0.0001683752616408185,cleared_before_run,fedora,Linux-7.1.5-201.fc44.x86_64-x86_64-with-glibc2.43,AMD Ryzen 5 9600X 6-Core Processor,12,6,True,AMD Radeon Graphics,hip 6.4.43484-123eb5128,3.12.13,2.9.1+rocm6.4,3.5.1,2026-08-03T16:30:08.752046+00:00
triton,cuda,float64,16384,0.05,20190222,20,True,,8.583064100999763,0.10007400449921988,0.0009555964998071431,0.09951204824938031,0.10046764474918746,0.09900239199851057,0.10103462599909108,0.09976941799868655;0.10015871199902904;0.09952165399954538;0.10005541399914364;0.09963931899983436;0.09937937100039562;0.09935506500005431;0.09900239199851057;0.10042040199914481;0.09948323099888512;0.09947677799937082;0.10017138600051112;0.10060937299931538;0.10079207300077542;0.10037622799973178;0.10076677500001097;0.10088561100019433;0.10103462599909108;0.10009259499929613;0.09984010200059856,4.263256414560601e-14,cleared_before_run,fedora,Linux-7.1.5-201.fc44.x86_64-x86_64-with-glibc2.43,AMD Ryzen 5 9600X 6-Core Processor,12,6,True,AMD Radeon Graphics,hip 6.4.43484-123eb5128,3.12.13,2.9.1+rocm6.4,3.5.1,2026-08-03T16:30:08.752046+00:00
torch_eager,cpu,float32,32768,0.05,20190222,12,True,,7.642908228999659,7.7834085879994745,0.18016887299927475,7.707351483750699,7.887520356749974,7.676329854999494,8.187543846001063,7.849091341999156;8.155820529000266;8.187543846001063;7.914380792999509;7.768100800998582;7.798716375000367;7.878566878000129;7.746185388001322;7.676329854999494;7.699615851000999;7.709930028000599;7.686118675999751,0.00018659471880511092,cleared_before_run,fedora,Linux-7.1.5-201.fc44.x86_64-x86_64-with-glibc2.43,AMD Ryzen 5 9600X 6-Core Processor,12,6,True,AMD Radeon Graphics,hip 6.4.43484-123eb5128,3.12.13,2.9.1+rocm6.4,3.5.1,2026-08-03T16:30:08.752046+00:00
torch_eager,cpu,float64,32768,0.05,20190222,12,True,,15.923771966999993,15.792269734000001,0.12992730575024325,15.744024221749896,15.87395152750014,15.484487944999273,15.991259113001433,15.878852365000057;15.707893726999828;15.855845227999453;15.756225454000742;15.781319166000685;15.991259113001433;15.941503536998425;15.872317915000167;15.756067719999919;15.496756559999994;15.484487944999273;15.803220301999318,0.0,cleared_before_run,fedora,Linux-7.1.5-201.fc44.x86_64-x86_64-with-glibc2.43,AMD Ryzen 5 9600X 6-Core Processor,12,6,True,AMD Radeon Graphics,hip 6.4.43484-123eb5128,3.12.13,2.9.1+rocm6.4,3.5.1,2026-08-03T16:30:08.752046+00:00
torch_compiled,cpu,float32,32768,0.05,20190222,12,True,,29.18463526999949,1.1025788665001528,0.07613555699936114,1.0742531017494912,1.1503886587488523,1.0650836860004347,1.1933629409995774,1.1933629409995774;1.1562880700003006;1.1530642979996628;1.1322979020005732;1.0841404340008012;1.0780804300011368;1.0650836860004347;1.0679033969990996;1.0661944289986423;1.0763696699996217;1.1210172989995044;1.1494967789985822,0.00018355123125957107,cleared_before_run,fedora,Linux-7.1.5-201.fc44.x86_64-x86_64-with-glibc2.43,AMD Ryzen 5 9600X 6-Core Processor,12,6,True,AMD Radeon Graphics,hip 6.4.43484-123eb5128,3.12.13,2.9.1+rocm6.4,3.5.1,2026-08-03T16:30:08.752046+00:00
torch_compiled,cpu,float64,32768,0.05,20190222,12,True,,51.4240243309996,2.1287040094994154,0.07675245850077772,2.0924319250002554,2.169184383501033,2.058026909999171,2.4128245459996833,2.058026909999171;2.1266657279993524;2.0593765289995645;2.1705022459991596;2.099856851000368;2.131435896999392;2.070157146999918;2.1161850939988653;2.2828002219994232;2.4128245459996833;2.1687450960016577;2.1307422909994784,1.0018652574217413e-12,cleared_before_run,fedora,Linux-7.1.5-201.fc44.x86_64-x86_64-with-glibc2.43,AMD Ryzen 5 9600X 6-Core Processor,12,6,True,AMD Radeon Graphics,hip 6.4.43484-123eb5128,3.12.13,2.9.1+rocm6.4,3.5.1,2026-08-03T16:30:08.752046+00:00
torch_eager,cuda,float32,32768,0.05,20190222,12,True,,0.6281559620001644,0.6064679589999287,0.007246615502026543,0.6036829349986874,0.610929550500714,0.597037988000011,0.6137127929996495,0.6137127929996495;0.6118836870009545;0.6133497889986756;0.6106115050006338;0.6083451230006176;0.6094341640000493;0.6039172779983346;0.6040964210005768;0.6045907949992397;0.6029799059997458;0.602930530998492;0.597037988000011,0.00018659471880511092,cleared_before_run,fedora,Linux-7.1.5-201.fc44.x86_64-x86_64-with-glibc2.43,AMD Ryzen 5 9600X 6-Core Processor,12,6,True,AMD Radeon Graphics,hip 6.4.43484-123eb5128,3.12.13,2.9.1+rocm6.4,3.5.1,2026-08-03T16:30:08.752046+00:00
torch_eager,cuda,float64,32768,0.05,20190222,12,True,,1.9092930629994953,1.7675420230007148,0.013111345750985492,1.756323070999315,1.7694344167503004,1.7443945859995438,1.7760495860002266,1.7663725479997083;1.7700405300001876;1.7760495860002266;1.7499796520005475;1.7507452549998561;1.7697811739999452;1.7682019650001166;1.766882081001313;1.7443945859995438;1.7581823429991346;1.768656023999938;1.7693188310004189,2.1316282072803006e-14,cleared_before_run,fedora,Linux-7.1.5-201.fc44.x86_64-x86_64-with-glibc2.43,AMD Ryzen 5 9600X 6-Core Processor,12,6,True,AMD Radeon Graphics,hip 6.4.43484-123eb5128,3.12.13,2.9.1+rocm6.4,3.5.1,2026-08-03T16:30:08.752046+00:00
torch_compiled,cuda,float32,32768,0.05,20190222,12,True,,72.32156595900051,0.053903916999843204,0.00025673625168565195,0.05376532924901767,0.05402206550070332,0.05321041100069124,0.055316889000096126,0.055316889000096126;0.05400066200127185;0.05437448699922243;0.05358479599999555;0.05321041100069124;0.05354437000096368;0.05382550699869171;0.053966134999427595;0.05388350799876207;0.054086275998997735;0.05388481999943906;0.05392301400024735,0.00018736592852519607,cleared_before_run,fedora,Linux-7.1.5-201.fc44.x86_64-x86_64-with-glibc2.43,AMD Ryzen 5 9600X 6-Core Processor,12,6,True,AMD Radeon Graphics,hip 6.4.43484-123eb5128,3.12.13,2.9.1+rocm6.4,3.5.1,2026-08-03T16:30:08.752046+00:00
torch_compiled,cuda,float64,32768,0.05,20190222,12,True,,151.21006358600062,1.3162083289998918,0.028988852000566112,1.3107787117496628,1.3397675637502289,1.2810629710002104,1.3878167390012095,1.345616644999609;1.3878167390012095;1.3154778169991914;1.3316834079996624;1.3378178700004355;1.310902385999725;1.3104076889994758;1.313094106999415;1.3587212059992453;1.3169388410005922;1.2810629710002104;1.3001946080003108,2.7000623958883807e-13,cleared_before_run,fedora,Linux-7.1.5-201.fc44.x86_64-x86_64-with-glibc2.43,AMD Ryzen 5 9600X 6-Core Processor,12,6,True,AMD Radeon Graphics,hip 6.4.43484-123eb5128,3.12.13,2.9.1+rocm6.4,3.5.1,2026-08-03T16:30:08.752046+00:00
triton,cuda,float32,32768,0.05,20190222,12,True,,1.532602040000711,0.15601643399895693,0.0017899022491292271,0.15536937700017006,0.1571592792492993,0.15435575299852644,0.15936331000011705,0.1570117819992447;0.1578124839998054;0.1567923829989013;0.15467308000006597;0.15936331000011705;0.15541221400053473;0.15610733299945423;0.15760177099946304;0.15548557399961282;0.15435575299852644;0.15592553499845963;0.15524086599907605,0.00020948290239886092,cleared_before_run,fedora,Linux-7.1.5-201.fc44.x86_64-x86_64-with-glibc2.43,AMD Ryzen 5 9600X 6-Core Processor,12,6,True,AMD Radeon Graphics,hip 6.4.43484-123eb5128,3.12.13,2.9.1+rocm6.4,3.5.1,2026-08-03T16:30:08.752046+00:00
triton,cuda,float64,32768,0.05,20190222,12,True,,0.9041012510006112,0.21572072299932188,0.0011721912496795994,0.215594517500449,0.2167667087501286,0.21539863199905085,0.21922777600047993,0.21922777600047993;0.21879350499875727;0.21738919900053588;0.21655921199999284;0.215761986999496;0.21566978099872358;0.2158801540008426;0.21563506500024232;0.21567945899914776;0.21547287500106904;0.21545980900009454;0.21539863199905085,1.1368683772161603e-13,cleared_before_run,fedora,Linux-7.1.5-201.fc44.x86_64-x86_64-with-glibc2.43,AMD Ryzen 5 9600X 6-Core Processor,12,6,True,AMD Radeon Graphics,hip 6.4.43484-123eb5128,3.12.13,2.9.1+rocm6.4,3.5.1,2026-08-03T16:30:08.752046+00:00
torch_eager,cuda,float32,65536,0.05,20190222,10,True,,2.506236995999643,2.438210323000021,0.015740609999738808,2.4353727140000956,2.4511133239998344,2.4100229470004706,2.4586519960012083,2.4364421509999374;2.439978495000105;2.4586519960012083;2.4360102559985535;2.4159468860016204;2.4351602000006096;2.4401736470008473;2.4100229470004706;2.4575058449991047;2.4547598829994968,0.0002208449478757757,cleared_before_run,fedora,Linux-7.1.5-201.fc44.x86_64-x86_64-with-glibc2.43,AMD Ryzen 5 9600X 6-Core Processor,12,6,True,AMD Radeon Graphics,hip 6.4.43484-123eb5128,3.12.13,2.9.1+rocm6.4,3.5.1,2026-08-03T16:30:08.752046+00:00
torch_eager,cuda,float64,65536,0.05,20190222,10,True,,6.994410291001259,6.9148665009997785,0.035835673250858235,6.913529518999894,6.949365192250752,6.91201918600018,7.026681126999392,7.009890276000078;7.026681126999392;6.913840387998789;6.912249243998303;6.915263369999593;6.914469631999964;6.91201918600018;6.913425896000263;6.93315192999944;6.95476961300119,4.263256414560601e-14,cleared_before_run,fedora,Linux-7.1.5-201.fc44.x86_64-x86_64-with-glibc2.43,AMD Ryzen 5 9600X 6-Core Processor,12,6,True,AMD Radeon Graphics,hip 6.4.43484-123eb5128,3.12.13,2.9.1+rocm6.4,3.5.1,2026-08-03T16:30:08.752046+00:00
torch_compiled,cuda,float32,65536,0.05,20190222,10,True,,280.008398209,0.22038566049923247,0.0037068387496219657,0.2183649897497162,0.22207182849933815,0.2167619920001016,0.22375808699871413,0.22094285499952093;0.2167619920001016;0.21805084700099542;0.21818918099961593;0.22057097499964584;0.2202003459988191;0.21889241600001696;0.22244815299927723;0.22256781199939724;0.22375808699871413,0.0002132155533445257,cleared_before_run,fedora,Linux-7.1.5-201.fc44.x86_64-x86_64-with-glibc2.43,AMD Ryzen 5 9600X 6-Core Processor,12,6,True,AMD Radeon Graphics,hip 6.4.43484-123eb5128,3.12.13,2.9.1+rocm6.4,3.5.1,2026-08-03T16:30:08.752046+00:00
torch_compiled,cuda,float64,65536,0.05,20190222,10,True,,616.4373062949999,6.719548302499788,0.029487683748811833,6.698363648750274,6.727851332499085,6.689671698999518,6.784456949000742,6.7498627429995395;6.72862861899921;6.697462951000489;6.716155973999776;6.689671698999518;6.7255194729987124;6.695229068000117;6.701065741999628;6.722940630999801;6.784456949000742,7.247535904753022e-13,cleared_before_run,fedora,Linux-7.1.5-201.fc44.x86_64-x86_64-with-glibc2.43,AMD Ryzen 5 9600X 6-Core Processor,12,6,True,AMD Radeon Graphics,hip 6.4.43484-123eb5128,3.12.13,2.9.1+rocm6.4,3.5.1,2026-08-03T16:30:08.752046+00:00
triton,cuda,float32,65536,0.05,20190222,10,True,,1.3558563770002365,0.28165366650046053,0.0023442995006917045,0.28021429924956465,0.28255859875025635,0.2786749440001586,0.323529667000912,0.323529667000912;0.28601875099957397;0.2826526440003363;0.2814018000008218;0.279962668000735;0.2822764630000165;0.2786749440001586;0.2806972340003995;0.28190553300009924;0.28005332099928637,0.0002580328567773904,cleared_before_run,fedora,Linux-7.1.5-201.fc44.x86_64-x86_64-with-glibc2.43,AMD Ryzen 5 9600X 6-Core Processor,12,6,True,AMD Radeon Graphics,hip 6.4.43484-123eb5128,3.12.13,2.9.1+rocm6.4,3.5.1,2026-08-03T16:30:08.752046+00:00
triton,cuda,float64,65536,0.05,20190222,10,True,,1.4411430279997148,0.794616471000154,0.002855298251233762,0.7929180549995181,0.7957733532507518,0.7923199040014879,0.7975850940001692,0.7975850940001692;0.7958647930008738;0.7950946210003167;0.7934489229992323;0.7926308280002559;0.7927410989996133;0.7923199040014879;0.7941383209999913;0.795499034000386;0.7963264169993636,3.552713678800501e-13,cleared_before_run,fedora,Linux-7.1.5-201.fc44.x86_64-x86_64-with-glibc2.43,AMD Ryzen 5 9600X 6-Core Processor,12,6,True,AMD Radeon Graphics,hip 6.4.43484-123eb5128,3.12.13,2.9.1+rocm6.4,3.5.1,2026-08-03T16:30:08.752046+00:00
